,purpose,terms,interest_rate,risk_type_original,principal_amount,churn,company_id,disbursed_date,age,monthly_income
11130,Payment of Utilities,1,0,F,3700.0,1,576,3,44.0,16600
4749,Home Repairs and Improvement,1,0,F,2000.0,1,119,1,27.0,10920
7058,Home Repairs and Improvement,1,0,F,4700.0,0,576,3,28.0,23400
11132,Home Repairs and Improvement,1,0,F,4600.0,1,576,2,25.0,10000
5492,Hospitalization In-patient Expenses,1,0,F,5200.0,0,967,1,33.0,25000
12053,Home Repairs and Improvement,1,0,F,1500.0,0,119,2,32.0,20000
3933,Life Events,1,0,F,3400.0,0,690,1,33.0,15000
16628,Education / Tuition Fee,1,0,F,3700.0,0,425,1,34.0,10920
9672,School Expenses,1,0,F,1700.0,0,119,3,32.0,15510
10975,Home Repairs and Improvement,1,0,F,4000.0,0,760,2,28.0,14874
16637,Education / Tuition Fee,1,0,F,2900.0,0,425,2,35.0,25007
7059,Home Repairs and Improvement,1,0,F,3800.0,0,576,2,37.0,9242
2699,Personal Vacation,1,0,F,3800.0,0,760,2,24.0,17358
3722,Life Events,1,0,F,3000.0,0,905,1,37.0,18000
6200,Calamity Fund,1,0,F,3200.0,0,760,1,25.0,
8540,Motorbike Purchase,1,0,F,3700.0,0,760,3,28.0,12000
6182,Purchase of Household Appliances & Furniture,1,0,F,3200.0,0,760,3,28.0,10000
14415,Home Repairs and Improvement,1,0,F,3400.0,1,690,3,26.0,
7286,Home Repairs and Improvement,1,0,,2964.0,0,563,3,38.0,26500
2359,Education / Tuition Fee,1,0,F,3000.0,0,576,2,22.0,13387
14870,Medical Outpatient Expenses,1,0,F,2900.0,0,576,3,29.0,9000
1401,Home Repairs and Improvement,1,0,F,1800.0,0,198,1,40.0,20000
6719,Home Repairs and Improvement,1,0,F,2401.2,0,576,1,30.0,
5803,Payment of Utilities,1,0,F,1700.0,0,760,3,,
7411,Payment of Utilities,1,0,F,20000.0,0,690,3,,28196
3805,Purchase of Household Appliances & Furniture,1,0,F,1404.6,0,760,1,28.0,19600
15678,Home Repairs and Improvement,1,0,F,3500.0,0,905,3,38.0,12000
12263,Home Repairs and Improvement,1,360,F,2500.00000001,0,119,3,46.0,23000
16613,Calamity Fund,1,0,F,4400.0,0,425,2,23.0,28280
6720,Home Repairs and Improvement,1,0,F,5000.0,0,576,1,45.0,20000
15144,Calamity Fund,1,0,F,16000.0,0,625,2,24.0,15000
15681,Home Repairs and Improvement,1,0,F,3700.0,0,905,2,42.0,
6166,Personal Vacation,1,0,F,4000.0,0,760,1,38.0,15996
10979,Home Repairs and Improvement,1,0,F,4000.0,0,760,1,38.0,15250
12698,Payment of Utilities,1,0,F,6300.0,0,576,3,25.0,22500
1770,Purchase of Household Appliances & Furniture,1,0,F,3000.0,1,967,2,,19000
16609,Calamity Fund,1,0,F,3200.0,0,425,3,,17500
8981,Calamity Fund,1,0,F,4400.0,0,760,1,40.0,20000
5900,Calamity Fund,1,0,F,3600.0,0,760,3,42.0,9086
12277,Life Events,1,0,F,2033.6,0,1102,3,29.0,27936
2363,Payment of Utilities,1,0,F,2600.0,0,897,2,,17943.76
11852,Home Repairs and Improvement,1,0,F,6500.0,1,576,2,38.0,21000
6877,Calamity Fund,1,0,F,3300.0,0,576,1,45.0,20250
8403,Calamity Fund,1,0,,2416.2,0,787,2,27.0,90456
11605,Business,1,0,F,2500.0,0,760,1,24.0,
13905,Payment of Utilities,1,0,F,2800.0,0,576,2,39.0,47250
15149,Home Repairs and Improvement,1,0,F,1800.0,0,198,1,32.0,21950
5812,Home Repairs and Improvement,1,0,F,5200.0,0,760,2,24.0,11340
2804,Payment of Utilities,1,0,F,4000.0,0,760,3,39.0,14250
16978,Payment of Utilities,1,0,F,2200.0,0,728,3,34.0,32500
12022,Business,3,70.31,,12150.00000005,0,576,3,41.0,16000
5536,Payment of Utilities,3,30.54,A,7288.50000003,0,690,1,44.0,11500
13247,Payment of Utilities,3,45.57,B,5142.00000001,0,576,3,45.0,21000
7170,Life Events,3,45.57,R,9400.00000006,0,385,1,29.0,32000
5219,Home Repairs and Improvement,3,45.57,B,6152.00000005,0,1124,3,29.0,17257
12921,Education / Tuition Fee,3,60.46,C,5000.00000003,0,655,1,53.0,13246
7826,Home Repairs and Improvement,3,30.54,A,9000.00000003,1,967,1,39.0,11640
2390,Home Repairs and Improvement,3,45.57,B,5370.00000005,0,589,2,54.0,30000
15475,Calamity Fund,3,10.25,A,11250.00000003,0,760,1,29.0,18000
2260,Home Repairs and Improvement,3,70.31,D,7000.00000002,0,198,2,,21000
5859,Calamity Fund,3,10.25,D,7574.00000003,0,85,3,47.0,
15199,Business,3,133,R,2200.00000001,0,119,2,29.0,18000
4603,Purchase of Household Appliances & Furniture,3,60.46,C,7999.50000003,0,1125,1,25.0,22980
1645,Life Events,3,60.47,R,10000.00000005,0,760,2,40.0,13312
9505,Medical Outpatient Expenses,3,70.31,R,5400.00000001,0,119,2,34.0,21880
2223,Calamity Fund,3,10.25,B,7396.50000002,0,898,2,40.0,9340
9119,Life Events,3,45.57,B,9700.00000001,0,576,2,28.0,15000
2421,Calamity Fund,3,45.57,B,5100.00000002,0,589,2,50.0,32000
2035,Payment of Utilities,3,30.54,B,6000.00000002,0,576,3,25.0,11000
5557,Home Repairs and Improvement,3,30.54,A,8928.50000003,0,1124,1,,14000
1670,Payment of Utilities,3,70.31,R,9000.00000005,0,760,3,36.0,16000
6020,Payment of Utilities,3,70.31,R,7800.00000007,0,576,3,32.0,24600
9343,Education / Tuition Fee,3,45.57,B,8500.00000005,1,905,1,27.0,
8555,Business,3,60.46,,3242.00000001,0,576,2,40.0,11600
15459,Personal Vacation,3,60.47,D,9200.00000001,0,967,1,42.0,
6947,Payment of Utilities,3,45.57,B,7000.00000005,0,585,3,28.0,13308
5514,Calamity Fund,3,30.54,C,9012.00000001,0,425,1,21.0,9358
7028,Personal Vacation,3,70.31,R,8600.00000003,0,760,3,,21000
6988,Home Repairs and Improvement,3,70.31,R,6899.99999999,0,576,1,34.0,25000
1651,Life Events,3,19.41,A,12000.00000004,0,760,1,50.0,25658
3301,Calamity Fund,3,10.25,A,20000.00000004,0,401,1,33.0,40000
10460,Home Repairs and Improvement,3,10.25,AA,5000.00000002,0,1082,2,34.0,
7935,Business,3,60.46,R,4850.00000002,0,198,3,39.0,22932
694,Payment of Utilities,3,10.25,C,7598.00000004,0,760,1,46.0,20000
14477,School Expenses,3,10.25,B,8994.00000005,0,760,1,35.0,11277
6016,Life Events,3,60.46,C,5685.50000001,0,760,1,25.0,17314
12667,Life Events,3,60.47,C,6700.00000003,0,571,3,31.0,28000
1625,Medical Outpatient Expenses,3,10.25,D,6855.00000005,0,198,2,37.0,11814
16123,Payment of Utilities,3,70.31,R,6400.00000002,0,690,1,34.0,9583
8104,Medical Outpatient Expenses,3,60.46,,8245.00000005,0,967,3,43.0,23000
7591,School Expenses,3,10.25,B,12812.00000004,0,1008,1,33.0,21097
2098,Home Repairs and Improvement,3,70.31,R,5900.00000006,0,897,3,,22000
5995,Home Repairs and Improvement,3,60.46,E,8000.00000001,0,760,3,45.0,19500
13551,Others,3,10.25,C,13000.00000004,0,576,1,,
13237,Purchase of Household Appliances & Furniture,3,45.57,B,5792.50000002,0,576,3,32.0,60000
623,Life Events,3,10.25,B,8473.50000002,0,760,3,46.0,17000
2386,Calamity Fund,3,45.57,B,5618.50000001,0,589,1,,16000
6528,Home Repairs and Improvement,3,70.31,E,6200.00000005,0,760,2,27.0,19635
1534,Home Repairs and Improvement,3,30.54,A,1680.00000005,0,1084,1,33.0,30000
364,Payment of Utilities,3,45.57,B,33000.00000004,0,1008,1,,
1608,Calamity Fund,3,45.57,A,5845.00000002,0,905,2,35.0,14905
3620,Home Repairs and Improvement,3,60.47,R,5000.00000003,0,119,3,26.0,30335
15552,Calamity Fund,3,30.54,A,5670.00000005,1,1082,3,27.0,11000
11981,Payment of Utilities,3,10.25,,4338.00000001,0,1084,3,33.0,25000
8275,Home Repairs and Improvement,3,70.31,R,9100.0,0,403,2,21.0,13333
13263,Payment of Utilities,3,45.57,B,9118.00000005,0,576,3,23.0,
8218,Payment of Utilities,3,30.54,C,7025.00000001,0,198,1,28.0,
2819,Education / Tuition Fee,3,10.25,B,13500.00000001,0,760,1,32.0,
5112,Calamity Fund,3,45.57,B,8003.00000002,0,1124,1,25.0,20000
9980,Purchase of Household Appliances & Furniture,3,55.51,A,7000.0,0,1054,3,28.0,26054
2771,Business,3,60.46,C,10000.00000003,0,214,3,24.0,24000
8079,Car Purchase,3,60.46,,5451.50000006,0,119,2,26.0,13500
6936,Life Events,3,70.31,E,5000.00000006,0,760,1,32.0,22000
8154,Education / Tuition Fee,3,10.25,,6271.50000001,0,760,3,38.0,17000
8406,Calamity Fund,3,70.31,,5167.00000003,0,198,3,26.0,33250
11506,Home Repairs and Improvement,3,60.46,,4391.00000003,0,760,3,33.0,9000
2021,Purchase of Household Appliances & Furniture,3,70.31,R,9600.00000005,0,760,1,24.0,27845
2045,Home Repairs and Improvement,3,30.54,B,8200.00000001,0,760,2,33.0,14500
11032,Business,3,60.47,C,14000.00000005,1,550,3,31.0,13354
2036,Purchase of Household Appliances & Furniture,3,70.31,R,6500.00000004,0,760,2,,16500
13088,Motorbike Purchase,3,30.54,C,7000.00000001,1,760,1,36.0,11336
7011,Payment of Utilities,3,70.31,E,5200.00000004,1,760,1,31.0,
8274,Major Purchase,3,70.31,R,10000.00000006,0,403,2,,13000
6445,Payment of Utilities,3,133,R,9600.00000006,0,85,2,53.0,
10491,Home Repairs and Improvement,3,30.54,A,15000.00000005,0,760,2,38.0,26200
579,Others,3,10.25,C,8500.00000005,0,760,2,25.0,13355
6877,Hospitalization In-patient Expenses,3,70.31,D,9600.00000005,0,760,2,23.0,17000
7099,Life Events,3,45.57,B,16100.00000002,0,760,1,29.0,11340
6118,Calamity Fund,3,10.25,C,7056.5,0,760,2,33.0,15341
8567,Medical Outpatient Expenses,3,60.46,,3000.00000004,0,1158,3,50.0,12000
7825,Home Repairs and Improvement,3,45.57,R,3300.00000001,0,380,3,31.0,
10525,Home Repairs and Improvement,3,10.25,A,10494.50000005,0,760,3,25.0,13625
10446,Calamity Fund,3,45.57,B,8000.0,0,760,3,,
10570,Medical Outpatient Expenses,3,70.31,D,6400.00000002,0,690,2,28.0,8000
15005,Calamity Fund,3,10.25,B,6000.00000004,0,760,2,33.0,30000
5396,Calamity Fund,3,60.46,C,8250.00000007,0,1124,1,32.0,20494
6563,Home Repairs and Improvement,3,70.31,R,6500.00000004,0,760,3,53.0,21030
14296,Purchase of Household Appliances & Furniture,3,133,R,10000.00000002,0,760,3,37.0,
1982,Home Repairs and Improvement,3,70.31,D,6961.50000001,0,198,3,57.0,22000
7179,Payment of Utilities,3,70.31,R,9000.00000005,0,760,1,28.0,18784
12065,Life Events,3,60.47,C,10000.00000005,0,403,2,30.0,29337
2259,Home Repairs and Improvement,3,70.31,R,4500.00000002,0,589,2,,9186
9209,Home Repairs and Improvement,3,70.31,R,5000.00000006,0,576,2,32.0,22006
5920,Home Repairs and Improvement,3,10.25,C,3400.00000002,0,907,1,33.0,30000
13475,Major Purchase,3,10.25,C,12876.00000004,0,576,1,34.0,8681
6398,Personal Vacation,3,70.31,E,5200.00000004,0,760,2,44.0,
8067,Purchase of Household Appliances & Furniture,3,60.46,,5732.00000006,0,1124,3,,25880
2458,Home Repairs and Improvement,3,30.54,A,5638.50000001,0,589,3,,9639
286,Motorbike Purchase,3,60.46,C,8400.00000003,0,760,3,45.0,17686
8510,Payment of Utilities,3,10.25,C,10756.50000005,0,1008,1,28.0,50000
2063,Home Repairs and Improvement,3,70.31,E,8800.00000001,0,760,2,32.0,
14795,Medical Outpatient Expenses,3,102,E,7500.0,0,760,3,27.0,16000
10208,Payment of Utilities,3,45.57,,5000.00000002,0,385,2,24.0,
9072,Payment of Utilities,3,45.57,B,11000.00000005,0,576,3,41.0,18000
9263,Pay Off Debts,3,70.31,R,10000.00000006,0,576,2,41.0,16000
9372,Home Repairs and Improvement,3,70.31,F,9800.00000002,0,576,3,32.0,31200
13917,Others,3,60.47,C,9800.00000006,0,576,2,25.0,15471
10764,Car Purchase,3,45.57,B,25000.00000004,0,576,2,26.0,10920
10317,Purchase of Household Appliances & Furniture,3,30.54,A,2292.50000005,0,1082,3,,15942
3593,Personal Vacation,3,45.57,B,7000.00000005,1,655,1,26.0,32200
10524,Payment of Utilities,3,10.25,A,4690.00000004,0,760,1,32.0,14242
4727,Calamity Fund,3,10.25,AA,5042.50000004,0,647,2,33.0,15469
2885,Business,3,30.54,B,30000.00000005,0,368,2,35.0,12972
2081,Medical Outpatient Expenses,3,70.31,F,8500.0,0,760,3,29.0,21625
12625,Payment of Utilities,3,60.47,C,13800.00000005,0,907,2,37.0,125196
4698,Home Repairs and Improvement,3,60.46,,4700.00000003,0,690,1,,
5322,Life Events,3,70.31,R,7800.00000007,1,690,2,29.0,17000
5501,Calamity Fund,3,30.54,A,4800.00000003,0,1124,3,28.0,13425
12585,Payment of Utilities,3,133,R,11300.00000001,0,907,1,25.0,12000
2300,Home Repairs and Improvement,3,70.31,R,7000.00000002,0,894,2,30.0,45974
684,Home Repairs and Improvement,3,70.31,B,6700.00000002,0,898,2,30.0,
10475,Calamity Fund,3,30.54,A,10000.00000003,0,760,2,35.0,19000
10264,Home Repairs and Improvement,3,60.46,,6600.00000004,0,1125,1,27.0,13090
2102,Hospitalization In-patient Expenses,3,102,E,21000.00000006,0,576,1,24.0,9500
9117,Payment of Utilities,3,60.47,C,7200.00000001,0,728,1,40.0,30000
629,Car Purchase,3,10.25,C,15000.00000001,0,760,3,28.0,
13421,Payment of Utilities,3,10.25,B,3131.00000002,0,576,1,40.0,13250
7950,Home Repairs and Improvement,3,30.54,A,9666.00000001,0,1110,3,40.0,21000
7633,Home Repairs and Improvement,3,60.46,,5500.00000007,0,1125,3,23.0,49385
10970,Calamity Fund,3,10.25,B,9500.0,0,760,1,46.0,
2460,Hospitalization In-patient Expenses,3,133,R,9800.0,0,576,3,36.0,29256
1369,Payment of Utilities,3,10.25,B,6981.0,0,655,1,32.0,36282
188,Home Repairs and Improvement,3,45.57,R,8986.5,0,760,3,24.0,77000
7246,Life Events,3,60.47,C,9500.00000006,1,403,1,35.0,
8396,Hospitalization In-patient Expenses,3,70.31,,4686.00000006,0,1157,1,30.0,
5236,Education / Tuition Fee,3,45.57,B,9579.00000004,0,425,2,37.0,
5133,Payment of Utilities,3,45.57,B,5530.00000006,0,1124,1,40.0,19000
12165,Life Events,3,60.47,R,6400.00000004,0,690,2,29.0,13000
12308,Others,3,45.57,B,6200.00000005,0,1102,3,36.0,16000
1577,Life Events,3,60.47,C,11200.00000002,0,967,2,,
5998,Life Events,3,60.47,C,17800.00000005,0,576,3,28.0,15717
10321,Home Repairs and Improvement,3,30.54,R,4100.00000003,0,330,1,23.0,20000
3390,Home Repairs and Improvement,3,133,R,5400.00000005,0,119,3,35.0,19809
4563,Medical Outpatient Expenses,3,70.31,E,18800.00000001,1,907,3,36.0,150000
7932,Home Repairs and Improvement,3,45.57,B,8000.0,0,905,1,26.0,12288
13921,Payment of Utilities,3,30.54,A,5200.0,0,605,3,,25000
6426,Home Repairs and Improvement,3,45.57,C,7400.00000002,0,760,1,32.0,8324
13498,Payment of Utilities,3,10.25,B,2558.00000002,0,576,2,,35000
4712,Payment of Utilities,3,60.46,,5821.00000005,0,690,1,26.0,24942
1922,Home Repairs and Improvement,3,45.57,B,40200.00000006,0,760,3,25.0,10896
10464,Education / Tuition Fee,3,60.46,C,5500.00000007,0,760,3,,18500
14011,Home Repairs and Improvement,3,45.57,B,16100.00000002,0,760,1,33.0,21000
11684,Calamity Fund,3,60.46,C,6000.00000002,0,771,2,39.0,19650
5684,Home Repairs and Improvement,3,70.31,R,7100.00000004,1,760,1,31.0,15983
8082,Business,3,60.46,,5511.00000002,0,1125,2,28.0,11432
8588,Personal Vacation,3,45.57,B,12800.00000001,0,907,3,57.0,20000
4943,Payment of Utilities,3,70.31,F,7000.00000002,1,690,1,37.0,17162
8789,Calamity Fund,3,45.57,B,9735.00000005,0,1124,2,37.0,13300
1167,Life Events,3,70.31,R,10000.00000006,0,760,2,59.0,19854
628,Life Events,3,10.25,C,8348.00000003,0,760,2,30.0,29515
4135,Calamity Fund,3,60.46,B,5500.00000007,0,760,1,33.0,22000
12333,Home Repairs and Improvement,3,30.54,A,3456.00000005,0,119,3,27.0,25700
3877,Medical Outpatient Expenses,3,10.25,C,4178.5,1,407,2,33.0,14000
5046,Education / Tuition Fee,3,45.57,B,6600.00000002,0,690,2,42.0,16000
238,Life Events,3,45.57,B,8000.0,0,760,1,27.0,17000
7170,Home Repairs and Improvement,3,70.31,E,9900.00000005,0,576,3,26.0,17947
2158,Home Repairs and Improvement,3,60.47,R,13500.00000005,0,576,3,,16000
3508,Purchase of Household Appliances & Furniture,3,70.31,D,8200.00000002,0,897,1,45.0,6000
855,Medical Outpatient Expenses,3,70.31,E,5800.00000004,0,589,3,30.0,14499
8513,Life Events,3,10.25,A,15206.00000001,0,907,3,40.0,15000
10306,Education / Tuition Fee,3,60.46,,12600.00000005,0,1008,3,42.0,293432
8027,Home Repairs and Improvement,3,70.31,D,7012.50000003,0,198,3,43.0,19000
2274,Life Events,3,70.31,D,6700.00000002,0,787,1,42.0,25230
1948,Home Repairs and Improvement,3,60.47,C,6600.00000003,1,897,3,40.0,21000
4306,Calamity Fund,3,60.46,B,7840.00000001,0,550,2,31.0,23250
6018,Home Repairs and Improvement,3,60.46,C,6000.00000002,0,1124,1,,10000
14246,Home Repairs and Improvement,3,45.57,C,13600.00000002,0,760,2,58.0,13000
2195,Payment of Utilities,3,10.25,A,8000.00000002,0,898,3,42.0,20000
5350,Home Repairs and Improvement,3,60.46,,18609.00000006,0,425,2,35.0,12500
10004,Calamity Fund,3,30.54,A,5000.00000002,0,555,3,24.0,14
6804,Payment of Utilities,3,10.25,C,6041.00000001,0,1075,2,32.0,26500
10561,Payment of Utilities,3,70.31,F,7900.00000002,0,690,1,27.0,
555,Home Repairs and Improvement,3,10.25,B,4892.50000003,0,760,2,27.0,19000
13855,Medical Outpatient Expenses,3,45.57,B,5300.00000003,0,787,2,25.0,16050
3768,Payment of Utilities,3,60.47,C,2700.00000003,1,788,3,41.0,17700
13515,Home Repairs and Improvement,3,60.46,D,3990.00000004,0,198,1,32.0,
3366,Home Repairs and Improvement,3,10.25,A,9500.0,0,760,2,30.0,14259
12489,Home Repairs and Improvement,3,45.57,C,4801.00000004,1,576,2,24.0,23192
6169,Education / Tuition Fee,3,60.47,C,7400.0,0,425,2,38.0,16000
8031,Payment of Utilities,3,60.46,,5575.50000003,0,760,3,37.0,15400
807,Home Repairs and Improvement,3,60.47,E,10200.00000004,0,576,3,26.0,15282
140,Payment of Utilities,3,60.47,C,7000.00000001,0,414,1,34.0,20000
4584,Education / Tuition Fee,3,60.46,C,3650.00000004,0,1125,1,26.0,27671
13048,Payment of Utilities,3,55.51,A,4345.99999999,0,690,3,28.0,15500
298,Calamity Fund,3,30.54,A,3530.00000004,0,1106,3,25.0,
4416,Payment of Utilities,3,60.46,C,6000.00000002,0,1125,2,43.0,18000
7559,Home Repairs and Improvement,3,10.25,B,13837.00000005,0,1008,3,38.0,18000
5104,Home Repairs and Improvement,3,19.41,B,12500.00000005,0,382,2,38.0,29752
9884,Hospitalization In-patient Expenses,3,60.47,F,7500.0,0,967,2,25.0,20339
2505,Hospitalization In-patient Expenses,3,60.47,F,11700.00000006,0,576,2,41.0,11370
9386,Home Repairs and Improvement,3,70.31,E,10500.00000004,0,576,2,46.0,17541
4105,Medical Outpatient Expenses,3,60.47,E,10000.00000005,0,85,3,,46652
11464,Payment of Utilities,3,10.25,A,5499.99999999,0,576,2,38.0,10796
15414,Calamity Fund,3,60.46,B,9000.00000004,0,760,2,41.0,16000
168,Payment of Utilities,3,45.57,B,10000.00000004,0,760,1,40.0,17000
9079,Payment of Utilities,3,133,R,8900.00000001,0,760,1,36.0,
6060,Home Repairs and Improvement,3,10.25,B,7717.00000001,0,760,2,32.0,
617,Payment of Utilities,3,19.41,B,4000.00000006,0,555,3,25.0,19000
10464,Payment of Utilities,3,10.25,AA,5499.99999999,0,1082,2,43.0,43000
14372,Medical Outpatient Expenses,3,60.47,R,8300.00000004,0,690,3,,30000
7623,Others,3,60.46,,12000.00000003,0,967,2,45.0,13694
621,Pay Off Debts,3,10.25,B,9000.00000002,0,760,3,30.0,12678
8136,Home Repairs and Improvement,3,10.25,,9037.00000003,0,1094,1,32.0,
6146,Home Repairs and Improvement,3,10.25,B,16500.0,0,760,2,33.0,16000
8030,Home Repairs and Improvement,3,60.46,,2850.00000002,0,1125,3,,
8168,Payment of Utilities,3,70.31,R,8700.00000005,0,403,2,34.0,10285
8936,Home Repairs and Improvement,3,10.25,B,7209.00000005,0,407,3,36.0,14000
11234,Calamity Fund,3,45.57,B,5734.0,0,576,1,30.0,12400
11533,School Expenses,3,70.31,E,8000.00000004,0,576,2,56.0,21000
3906,School Expenses,3,102,R,5000.00000005,0,119,2,,24500
1308,Home Repairs and Improvement,3,45.57,B,8000.0,0,576,1,32.0,
14232,Medical Outpatient Expenses,3,45.57,B,10000.00000004,0,760,3,,10000
370,Home Repairs and Improvement,3,45.57,B,32000.00000004,0,1008,3,35.0,18000
14430,Life Events,3,10.25,A,6911.00000005,0,760,1,30.0,33197
14320,Payment of Utilities,3,102,E,8500.00000001,0,760,1,32.0,15000
15455,Payment of Utilities,3,60.47,E,7500.0,0,967,2,41.0,14000
10365,Calamity Fund,3,60.46,,5569.00000007,0,1125,3,23.0,15979
9597,Life Events,3,70.31,D,4900.00000005,0,414,2,44.0,15000
8485,Home Repairs and Improvement,3,60.46,C,9969.00000001,0,967,1,42.0,20000
10509,Motorbike Purchase,3,70.31,,7299.00000002,0,1157,2,33.0,
12283,Home Repairs and Improvement,3,10.25,B,9096.0,0,760,2,26.0,29000
14548,Purchase of Household Appliances & Furniture,3,70.31,R,8100.00000006,0,576,1,41.0,18000
9185,Home Repairs and Improvement,3,60.47,C,10000.00000005,0,576,3,29.0,12288
4801,Home Repairs and Improvement,3,10.25,C,6517.50000001,1,385,3,,21000
128,Home Repairs and Improvement,3,30.54,C,15000.00000005,0,382,2,38.0,
2080,Life Events,3,133,R,13000.00000004,0,760,1,30.0,18805
15194,School Expenses,3,133,C,5400.00000005,0,119,3,,15036
14559,Hospitalization In-patient Expenses,3,70.31,E,9000.00000005,0,576,2,30.0,18000
310,School Expenses,3,30.54,C,7700.00000002,0,760,3,22.0,15798
5390,Medical Outpatient Expenses,3,60.46,C,6992.00000004,0,690,1,34.0,25778
6133,Payment of Utilities,3,10.25,B,3765.00000001,0,760,1,45.0,9837
15589,Others,3,70.31,E,10000.00000006,1,576,3,30.0,
87,Education / Tuition Fee,3,45.57,B,6420.50000005,0,760,3,34.0,18000
3356,Home Repairs and Improvement,3,30.54,B,18000.0,0,384,2,33.0,15168
4751,Business,3,10.25,D,2863.5,0,119,2,46.0,25000
911,Home Repairs and Improvement,3,30.54,A,36700.00000007,0,210,3,37.0,14325
6499,Personal Vacation,3,70.31,R,10000.00000006,0,760,1,29.0,18320
10686,Payment of Utilities,3,60.47,C,7400.0,0,690,2,30.0,12000
9761,Calamity Fund,3,30.54,A,5600.00000004,0,1084,1,28.0,25927
11287,Education / Tuition Fee,3,10.25,B,7583.00000001,0,576,2,29.0,16325
6462,Personal Vacation,3,60.47,F,16100.00000003,0,760,1,35.0,29948
4566,Hospitalization In-patient Expenses,3,10.25,B,5535.50000001,0,576,2,46.0,
14557,Payment of Utilities,3,45.57,B,7318.00000003,0,576,2,21.0,20000
8740,Purchase of Household Appliances & Furniture,3,70.31,D,8000.00000004,0,898,2,,10220
10443,Payment of Utilities,3,10.25,AA,5040.00000001,0,1082,1,21.0,15000
3665,Personal Vacation,3,60.47,C,7200.00000001,1,267,2,32.0,
8162,Home Repairs and Improvement,3,55.51,A,5000.00000003,0,1084,2,35.0,16007
11745,Home Repairs and Improvement,3,45.57,B,7000.00000005,1,576,1,37.0,29894
12490,Payment of Utilities,3,45.57,B,2957.99999999,1,1114,1,36.0,36466
12927,Home Repairs and Improvement,3,60.47,C,7200.00000001,0,407,3,46.0,16000
10466,Home Repairs and Improvement,3,10.25,AA,5460.0,0,1082,2,35.0,25000
15173,Purchase of Household Appliances & Furniture,3,102,E,15500.0,0,1008,1,33.0,24000
5854,Medical Outpatient Expenses,3,10.25,B,10099.00000001,0,425,3,39.0,
5915,Calamity Fund,3,10.25,B,5223.50000002,0,690,2,36.0,10637
5060,Hospitalization In-patient Expenses,3,45.57,D,9500.0,0,787,3,28.0,32252
7706,Calamity Fund,3,10.25,A,20000.00000004,1,907,1,53.0,22000
4530,Calamity Fund,3,60.46,B,4542.00000006,0,576,3,31.0,15000
10299,Calamity Fund,3,30.54,A,5321.00000004,0,1082,1,24.0,19000
7399,Life Events,3,70.31,R,8600.00000003,0,576,1,26.0,16929
8519,Purchase of Household Appliances & Furniture,3,10.25,B,16320.0,0,1008,3,43.0,19000
3628,Purchase of Household Appliances & Furniture,3,70.31,F,14000.00000005,0,550,3,34.0,15370
11477,Hospitalization In-patient Expenses,3,60.46,,10000.00000003,0,760,1,27.0,
4489,Payment of Utilities,3,55.51,A,15650.00000005,0,576,1,44.0,20584
11253,Medical Outpatient Expenses,3,60.46,C,5732.00000006,0,576,2,,13366
5224,Calamity Fund,3,45.57,B,3419.50000001,0,690,3,42.0,17000
12660,Life Events,3,45.57,B,5600.0,0,668,1,24.0,17944
10407,Payment of Utilities,3,45.57,B,6000.00000004,0,760,3,,15758
2915,Pay Off Debts,3,102,B,18000.00000002,0,401,1,25.0,22000
14347,Calamity Fund,3,60.46,C,8979.0,0,760,1,51.0,12000
15874,Life Events,3,133,R,5200.00000004,0,766,2,37.0,22518
1609,Calamity Fund,3,45.57,A,7560.00000003,0,905,2,32.0,32625
7368,Life Events,3,19.41,A,42500.00000004,0,576,2,31.0,65908
8565,Hospitalization In-patient Expenses,3,60.46,,5484.00000003,0,1158,2,29.0,18300
4743,Life Events,3,10.25,C,4100.00000001,0,690,3,,15000
5999,Payment of Utilities,3,60.47,R,9800.00000006,0,576,3,35.0,15755
7013,Home Repairs and Improvement,3,70.31,R,8500.0,0,760,3,47.0,47726
14264,Life Events,3,133,R,8900.00000001,0,760,3,57.0,14250
9378,Home Repairs and Improvement,3,45.57,B,2826.00000003,0,1104,1,29.0,11920
1176,Payment of Utilities,3,70.31,F,8200.00000002,0,760,2,,14160
6283,Education / Tuition Fee,3,70.31,D,7926.50000002,0,760,3,54.0,14000
1189,Payment of Utilities,3,70.31,E,9500.00000003,0,760,3,25.0,16000
12328,Education / Tuition Fee,3,10.25,B,5402.50000004,0,760,1,,31000
10687,Payment of Utilities,3,60.47,C,8200.00000004,0,690,3,38.0,14177
116,Home Repairs and Improvement,3,45.57,B,12300.00000004,0,760,3,34.0,11277
4781,Calamity Fund,3,10.25,B,8342.00000004,0,385,3,29.0,40000
9837,Payment of Utilities,3,60.47,F,8300.00000004,0,690,1,35.0,25800
10600,Calamity Fund,3,10.25,A,5750.00000003,0,897,2,28.0,
5921,Calamity Fund,3,10.25,B,6183.00000002,0,425,1,25.0,9360
12149,Home Repairs and Improvement,3,133,R,5200.00000004,1,760,2,47.0,13000
10188,Calamity Fund,3,30.54,A,6500.00000001,0,760,3,33.0,40413
6516,Medical Outpatient Expenses,3,60.46,C,2394.00000002,0,119,3,36.0,16000
14365,Hospitalization In-patient Expenses,3,70.31,F,6899.99999999,0,690,1,37.0,23992
229,Home Repairs and Improvement,3,60.47,C,9600.00000006,1,760,2,28.0,13660
10771,Home Repairs and Improvement,3,60.47,C,11000.00000002,0,576,2,33.0,
3802,Home Repairs and Improvement,3,70.31,R,5300.00000006,0,589,1,35.0,
2643,Personal Vacation,3,70.31,R,6899.99999999,0,335,1,27.0,11023
8579,Home Repairs and Improvement,3,10.25,AA,23516.00000005,0,1094,3,42.0,17100
4629,Payment of Utilities,3,30.54,A,6500.00000001,0,1114,1,25.0,17982
337,Home Repairs and Improvement,3,30.54,A,8991.00000001,0,760,2,44.0,16000
4870,Payment of Utilities,3,30.54,A,6508.0,1,690,3,61.0,47866
14120,Medical Outpatient Expenses,3,70.31,R,12300.00000002,1,907,3,29.0,12800
7954,Others,3,70.31,,9286.50000004,0,1124,2,,20000
15198,School Expenses,3,133,R,5000.00000003,0,119,2,28.0,
9495,Payment of Utilities,3,45.57,C,6700.00000003,0,571,3,62.0,22641
10512,Business,3,70.31,,11100.00000003,0,967,1,27.0,
1306,Business,3,45.57,R,5600.0,0,380,1,37.0,
1124,Home Repairs and Improvement,3,60.47,C,8000.00000005,0,760,1,27.0,22700
7880,Payment of Utilities,3,45.57,,6433.00000002,0,414,3,37.0,10920
4621,Hospitalization In-patient Expenses,3,30.54,C,10126.00000004,0,967,3,,83608
12048,Calamity Fund,3,45.57,B,3723.00000003,0,760,2,34.0,15000
8004,Education / Tuition Fee,3,60.46,,6185.00000004,0,425,3,30.0,20000
9156,Business,3,45.57,B,14000.00000003,0,412,3,26.0,22000
1581,Life Events,3,60.47,F,7500.0,0,967,3,44.0,19000
2210,Others,3,10.25,B,10000.00000005,0,898,1,,24000
2214,Home Repairs and Improvement,3,10.25,AA,6195.00000005,1,1102,1,32.0,10593
8002,Education / Tuition Fee,3,60.46,,4828.00000005,0,1125,1,30.0,11468
12032,Calamity Fund,3,45.57,B,9000.00000003,0,967,2,24.0,23363
4333,Home Repairs and Improvement,3,45.57,,7625.00000005,0,1125,3,23.0,18000
9170,Life Events,3,45.57,B,10000.00000004,0,576,3,34.0,15766
2138,Pay Off Debts,3,102,F,11500.00000003,0,307,2,25.0,22000
13473,Car Purchase,3,10.25,C,26500.00000005,0,576,3,35.0,15300
12364,Payment of Utilities,3,10.25,A,16320.0,0,1008,2,37.0,13680
14425,Payment of Utilities,3,10.25,AA,6460.00000002,0,760,1,42.0,15000
10838,Personal Vacation,3,45.57,B,7800.00000006,0,331,3,40.0,17999
13267,Medical Outpatient Expenses,3,45.57,B,18650.00000001,0,576,1,29.0,18000
12132,Calamity Fund,3,30.54,A,7944.50000005,0,760,1,47.0,35000
12124,Payment of Utilities,3,30.54,C,10000.00000003,0,760,2,43.0,11878
7923,Medical Outpatient Expenses,3,60.46,,6996.5,0,1173,1,28.0,10466
11495,Home Repairs and Improvement,3,60.46,,9000.00000004,0,760,3,26.0,17000
10191,Others,3,30.54,C,9000.00000003,0,967,1,,18000
9164,Purchase of Household Appliances & Furniture,3,45.57,B,9300.00000005,0,576,3,25.0,15015
2267,Life Events,3,60.47,C,5900.00000006,0,589,1,47.0,12883
12901,Home Repairs and Improvement,3,133,R,7000.00000004,0,198,3,23.0,19000
3683,Medical Outpatient Expenses,3,70.31,D,7000.00000002,0,589,3,31.0,9619
5420,Calamity Fund,3,30.54,A,10337.00000002,0,425,3,27.0,15000
101,Calamity Fund,3,45.57,B,8870.00000002,0,760,3,,
7629,Home Repairs and Improvement,3,60.46,,4507.00000006,0,1157,1,44.0,46000
1855,Payment of Utilities,3,19.41,R,5000.00000002,0,395,1,28.0,18596
8660,Home Repairs and Improvement,3,70.31,R,9300.00000005,0,907,1,27.0,
4684,Home Repairs and Improvement,3,45.57,,4962.50000003,0,690,2,33.0,
2921,Home Repairs and Improvement,6,10.98,B,22000.00000001,0,407,2,31.0,25500
4967,School Expenses,6,33.3,C,13300.00000003,0,344,3,40.0,28314
5571,Payment of Utilities,6,21.8,A,10400.00000001,0,198,2,39.0,9402
11070,Life Events,6,33.3,B,31999.99999999,1,401,1,28.0,
14483,School Expenses,6,42.6,C,16500.0000001,0,425,1,,17053
5867,Payment of Utilities,6,62,E,7000.00000005,0,741,3,34.0,11754
14238,Payment of Utilities,6,42.6,C,15700.00000007,0,690,3,27.0,40000
16927,Medical Outpatient Expenses,6,42.6,C,26000.0000001,0,571,2,28.0,16590
11098,School Expenses,6,42.6,B,21000.00000002,0,122,2,,21000
5243,Payment of Utilities,6,48.1,B,12500.00000001,0,1125,2,26.0,16944
6230,Business,6,48.1,D,17456.00000004,0,760,1,28.0,
1105,Home Repairs and Improvement,6,32.43,C,15000.00000003,0,198,2,,23500
1153,Home Repairs and Improvement,6,48.1,C,18303.00000001,0,760,1,48.0,15656
11698,Home Repairs and Improvement,6,33.3,B,29500.00000005,0,425,2,,14006
13901,Others,6,21.8,A,40000.00000001,0,384,2,27.0,
12076,Personal Vacation,6,10.98,A,16063.0,1,385,2,37.0,13120
13851,Life Events,6,33.3,B,14200.00000008,0,760,1,28.0,34000
13148,Life Events,6,10.98,A,11264.00000009,0,576,2,35.0,24000
7543,Others,6,50.1,D,15000.0000001,0,403,2,48.0,13500
1267,Medical Outpatient Expenses,6,62,E,15000.0000001,0,425,1,34.0,28284
12464,Medical Outpatient Expenses,6,62,R,12000.00000008,0,84,3,42.0,19900
12503,Home Repairs and Improvement,6,50.1,E,20000.00000012,1,576,2,,24500
4001,Calamity Fund,6,10.98,B,17499.00000001,0,385,1,33.0,15500
16274,Others,6,70.5,R,30000.0000001,0,158,1,45.0,20000
13001,Medical Outpatient Expenses,6,70.5,B,11000.00000011,0,84,3,32.0,15959
7407,Home Repairs and Improvement,6,63.43,,16000.00000003,0,1125,2,28.0,16274
14698,Medical Outpatient Expenses,6,42.6,D,12000.00000005,0,403,3,32.0,35000
5949,Home Repairs and Improvement,6,21.8,C,11000.00000008,0,198,3,,
921,Medical Outpatient Expenses,6,33.3,B,20000.00000007,0,414,1,34.0,11340
3283,Others,6,63.43,C,15990.99999999,0,1125,3,37.0,15000
2862,Medical Outpatient Expenses,6,50.1,D,4800.00000002,0,198,1,31.0,20000
3834,Home Repairs and Improvement,6,70.5,F,20000.00000012,0,403,1,37.0,
5166,Home Repairs and Improvement,6,48.1,B,14420.00000008,0,1125,3,,15600
3185,Home Repairs and Improvement,6,63.43,C,15987.00000006,0,1125,3,31.0,13706
7675,Home Repairs and Improvement,6,70.5,R,21500.00000012,0,414,2,36.0,56000
9857,Medical Outpatient Expenses,6,63.43,,12090.00000003,0,690,1,,15886
8777,Personal Vacation,6,21.8,B,15800.00000005,1,414,1,38.0,11914
4041,Home Repairs and Improvement,6,10.98,B,9061.00000011,0,95,1,28.0,9935
7468,Life Events,6,21.8,A,10500.00000002,0,414,2,35.0,22500
7872,Major Purchase,6,33.3,B,25000.0,1,307,1,,
1488,Medical Outpatient Expenses,6,33.3,B,23000.00000007,0,760,1,,14500
1341,School Expenses,6,50.1,D,10000.00000005,0,576,1,29.0,22000
9959,Life Events,6,32.43,,6800.0000001,0,690,3,,
2745,Life Events,6,42.6,C,14400.00000001,0,414,2,35.0,16110
9634,Home Repairs and Improvement,6,42.6,C,9000.0000001,0,198,1,41.0,22680
12841,Home Repairs and Improvement,6,62,R,9000.00000007,0,198,1,25.0,35000
8740,Pay Off Debts,6,62,E,19000.00000013,1,425,1,,14206
975,Life Events,6,14.25,A,34999.99999999,0,760,2,34.0,23250
8447,Payment of Utilities,6,32.43,,10400.00000003,0,571,3,47.0,18000
15514,Life Events,6,50.1,R,20000.00000012,0,760,1,37.0,
12467,Business,6,62,B,7000.00000005,0,84,3,30.0,26500
15516,Personal Vacation,6,50.1,E,12000.00000012,0,589,1,35.0,15631
9169,Medical Outpatient Expenses,6,42.6,C,21300.00000002,0,425,3,51.0,87167
10322,Payment of Utilities,6,21.8,A,8100.00000002,0,728,3,27.0,20816
12847,Others,6,62,R,14000.0000001,0,198,1,38.0,7140
11800,Home Repairs and Improvement,6,63.43,,11726.0000001,0,576,1,,16200
9617,Home Repairs and Improvement,6,21.8,R,9700.00000006,0,198,2,,11041
5542,Home Repairs and Improvement,6,33.3,B,19100.00000002,0,967,2,39.0,16000
4883,Medical Outpatient Expenses,6,33.3,B,15000.00000004,1,330,1,32.0,
9152,Payment of Utilities,6,21.8,A,8600.00000008,1,414,1,22.0,
1981,Payment of Utilities,6,10.98,AA,13000.0000001,0,1054,1,29.0,
16946,Medical Outpatient Expenses,6,33.3,B,8000.00000004,0,425,1,26.0,
9307,Hospitalization In-patient Expenses,6,42.6,C,20000.00000009,0,576,1,54.0,15100
14679,Pay Off Debts,6,70.5,A,25000.00000004,0,119,1,36.0,18000
12058,Payment of Utilities,6,62,E,20000.00000015,1,425,3,35.0,35000
10325,Purchase of Household Appliances & Furniture,6,21.8,D,15000.00000008,1,576,2,,6668
7454,Payment of Utilities,6,63.43,,4000.00000011,0,1125,2,27.0,32500
37,Calamity Fund,6,10.98,A,15227.00000007,0,760,1,42.0,13000
12051,Medical Outpatient Expenses,6,21.8,A,10000.00000011,0,385,3,34.0,21000
13704,Home Repairs and Improvement,6,50.1,E,25000.00000004,0,403,1,31.0,12000
6559,Medical Outpatient Expenses,6,42.6,C,11000.00000011,0,392,3,31.0,21913
8709,Payment of Utilities,6,50.1,D,23100.00000011,1,907,1,,10000
5183,Medical Outpatient Expenses,6,50.1,D,17000.00000013,0,425,3,28.0,17919
7130,Home Repairs and Improvement,6,21.8,A,23000.00000011,1,307,3,32.0,12000
5612,Home Repairs and Improvement,6,42.6,C,40000.00000005,1,385,2,47.0,10500
555,Pay Off Debts,6,70.5,R,15000.00000005,0,188,3,38.0,
14750,Business,6,62,D,10000.00000008,0,198,2,41.0,18000
8374,Motorbike Purchase,6,21.8,B,8900.00000011,0,198,2,41.0,23000
2444,School Expenses,6,50.1,D,23000.00000013,0,254,2,24.0,18300
2311,Home Repairs and Improvement,6,21.8,B,10000.00000011,0,198,2,,13962
5900,Education / Tuition Fee,6,10.98,C,16996.00000008,0,760,1,39.0,38462
15242,Calamity Fund,6,32.43,C,16000.00000011,0,760,2,27.0,26000
1371,Home Repairs and Improvement,6,62,R,19000.00000013,0,385,2,49.0,15048
10642,Personal Vacation,6,21.8,A,14000.00000011,0,647,3,26.0,
9415,Medical Outpatient Expenses,6,62,E,15000.0000001,0,318,2,39.0,15000
9605,Calamity Fund,6,58.36,D,21306.00000001,0,894,2,44.0,16000
3989,Pay Off Debts,6,33.3,B,20000.00000007,0,414,1,51.0,78000
12069,School Expenses,6,42.6,C,23000.00000004,0,111,2,32.0,16000
2979,Business,6,70.5,F,23000.00000007,0,307,3,30.0,19500
7823,Home Repairs and Improvement,6,21.8,A,15000.00000008,0,307,3,35.0,53000
1024,Home Repairs and Improvement,6,50.1,D,11000.00000002,0,403,1,47.0,
14126,Personal Vacation,6,42.6,C,15000.0,0,210,3,24.0,25000
5903,Business,6,10.98,D,17855.00000005,0,760,1,42.0,18000
11669,Medical Outpatient Expenses,6,42.6,C,29000.00000005,0,425,1,27.0,25000
8865,Home Repairs and Improvement,6,70.5,R,19000.00000012,0,112,3,43.0,18500
9821,School Expenses,6,40.5,R,10000.00000013,0,152,2,,28366
6778,Hospitalization In-patient Expenses,6,33.3,B,20000.00000007,0,522,2,33.0,24521
17025,Medical Outpatient Expenses,6,62,E,18000.00000011,0,425,3,44.0,12789
3369,School Expenses,6,70.5,A,15000.00000005,0,119,2,32.0,5702
7039,Medical Outpatient Expenses,6,70.5,R,15000.00000005,1,107,2,27.0,19000
2148,Home Repairs and Improvement,6,50.1,D,15000.0000001,0,241,1,,16000
4667,School Expenses,6,63.43,,14280.00000012,0,690,3,30.0,25000
16557,Medical Outpatient Expenses,6,21.8,B,10000.00000011,0,198,3,32.0,12000
10108,Pay Off Debts,6,70.5,F,15000.00000005,0,107,2,,15000
329,Medical Outpatient Expenses,6,50.1,D,19500.00000001,1,414,2,26.0,13058
7360,Home Repairs and Improvement,6,42.6,C,11500.00000002,0,414,1,29.0,
4209,Home Repairs and Improvement,6,50.1,D,23800.00000007,0,760,3,32.0,14983
11080,School Expenses,6,70.5,F,20000.00000012,0,302,2,44.0,12886
6360,Home Repairs and Improvement,6,62,E,20200.00000001,0,760,3,30.0,30000
5475,School Expenses,6,21.8,R,14000.00000011,0,198,1,29.0,10000
3128,Hospitalization In-patient Expenses,6,63.43,C,15200.00000002,0,1125,3,42.0,14000
11875,Life Events,6,70.5,R,17000.00000003,1,760,2,35.0,20000
6833,Motorbike Purchase,6,70.5,F,10000.00000012,0,269,2,42.0,30114
3387,Life Events,6,50.1,D,10000.00000005,0,84,1,32.0,14050
8132,Life Events,6,33.3,B,8500.00000006,0,553,3,25.0,22596
9467,Home Repairs and Improvement,6,33.3,B,10000.00000012,0,555,3,25.0,13000
14683,School Expenses,6,62,R,20000.00000015,0,119,1,29.0,20000
7391,Payment of Utilities,6,63.43,,16000.00000003,0,1125,2,30.0,
1872,Home Repairs and Improvement,6,50.1,F,15600.00000007,0,198,2,57.0,15000
8190,Medical Outpatient Expenses,6,62,C,15000.0000001,0,119,2,26.0,37400
8958,Medical Outpatient Expenses,6,42.6,C,11500.00000002,0,425,3,31.0,20524
7897,Home Repairs and Improvement,6,21.8,C,15000.00000008,0,414,1,27.0,18610
9306,Personal Vacation,6,42.6,R,19000.00000002,0,576,1,33.0,18294
2000,Payment of Utilities,6,33.3,B,14000.00000012,0,198,1,27.0,
7801,Home Repairs and Improvement,6,33.3,B,12000.00000004,1,414,3,26.0,9129
11492,Home Repairs and Improvement,6,21.8,A,9000.00000012,0,198,1,34.0,20291
14716,School Expenses,6,62,R,15000.0000001,0,385,1,32.0,
13190,Life Events,6,10.98,A,11000.00000002,0,576,1,48.0,28000
7001,Home Repairs and Improvement,6,21.8,A,13000.00000002,0,414,2,42.0,20250
4005,Home Repairs and Improvement,6,10.98,B,18440.00000006,0,385,2,24.0,
16776,Medical Outpatient Expenses,6,50.1,F,20000.00000012,0,425,2,34.0,20000
2355,Education / Tuition Fee,6,48.1,B,10375.00000003,0,1102,3,31.0,25000
2531,Life Events,6,21.8,A,124000.00000003,0,576,3,36.0,16000
4088,Home Repairs and Improvement,6,33.3,B,18500.00000003,0,760,1,25.0,14560
14280,Purchase of Household Appliances & Furniture,6,62,E,13200.00000014,0,690,3,35.0,14660
8884,Hospitalization In-patient Expenses,6,50.1,D,21000.00000008,1,760,3,34.0,
5954,Home Repairs and Improvement,6,62,F,15000.0000001,1,576,3,29.0,19000
2922,School Expenses,6,50.1,F,15000.0000001,0,84,3,43.0,
8787,Medical Outpatient Expenses,6,62,E,12800.00000007,0,973,3,35.0,95444
3444,Home Repairs and Improvement,6,70.5,R,12000.00000009,0,84,2,53.0,33000
5388,Payment of Utilities,6,11,A,15000.00000001,0,380,2,30.0,10239
8699,Personal Vacation,6,50.1,D,21400.00000008,0,760,2,36.0,29000
13834,Personal Vacation,6,70.5,R,23900.00000002,0,760,2,28.0,10444
11183,Home Repairs and Improvement,6,63.43,,16900.00000003,0,760,1,,
3494,Business,6,10.98,B,12395.0,0,690,3,,15000
15285,Purchase of Household Appliances & Furniture,6,70.5,R,16500.00000003,0,760,2,,16420
14197,Payment of Utilities,6,10.98,AA,15817.00000001,0,760,2,,26500
10074,School Expenses,6,70.5,C,15000.00000005,0,17,2,,16500
7013,Home Repairs and Improvement,6,70.5,R,12699.99999999,1,320,1,34.0,15369
12752,Business,6,70.5,F,20000.00000012,0,245,3,24.0,14000
1876,Payment of Utilities,6,42.6,C,16000.00000007,0,198,3,,18000
7545,Medical Outpatient Expenses,6,21.8,B,15000.00000008,0,198,3,32.0,18880
11795,Others,6,63.43,,14876.00000013,0,1115,2,,16000
14236,Purchase of Household Appliances & Furniture,6,42.6,C,15100.00000007,0,690,3,33.0,20000
11493,Home Repairs and Improvement,6,21.8,A,10500.00000002,0,198,3,,
8057,Others,6,70.5,R,13000.00000009,0,280,3,39.0,15512
1224,Pay Off Debts,6,33.3,C,10000.00000012,0,122,2,41.0,
13432,Payment of Utilities,6,33.3,B,14000.00000012,0,198,3,38.0,16000
10509,Home Repairs and Improvement,6,33.3,B,13400.00000014,0,318,2,32.0,
12350,Major Purchase,6,50.1,D,25000.00000004,0,413,2,25.0,4000
9605,School Expenses,6,70.5,F,18000.00000001,0,245,2,32.0,18000
6607,Payment of Utilities,6,48.1,B,10000.00000008,0,425,1,41.0,18882
14078,Purchase of Household Appliances & Furniture,6,10.98,B,16000.00000007,0,760,2,39.0,23000
6385,Pay Off Debts,6,33.3,B,70000.00000011,0,210,3,,21000
7449,Payment of Utilities,6,63.43,,10000.00000002,0,1157,2,26.0,
13798,School Expenses,6,21.8,AA,100000.00000006,0,197,3,34.0,19500
5081,Home Repairs and Improvement,6,48.1,B,14600.0000001,0,1125,3,42.0,38750
1093,School Expenses,6,42.6,C,36000.00000003,0,576,3,35.0,14859
5804,Home Repairs and Improvement,6,21.8,A,10000.00000011,0,571,3,50.0,17060
11877,Life Events,6,70.5,R,19000.00000012,1,760,2,30.0,10429
5046,Home Repairs and Improvement,6,48.1,B,29000.00000001,0,1125,1,38.0,58850
12267,Home Repairs and Improvement,6,35.5,R,25000.00000001,0,64,1,31.0,
763,Home Repairs and Improvement,6,21.8,A,22000.00000002,0,955,3,30.0,20750
11299,Home Repairs and Improvement,6,58.36,B,13789.00000001,0,576,3,44.0,
11775,Business,6,28.2,C,40000.0,0,152,1,33.0,9660
8413,Home Repairs and Improvement,6,63.43,,6000.00000005,0,1158,1,,14104
9627,School Expenses,6,62,A,25000.00000002,0,134,2,37.0,20000
4665,Medical Outpatient Expenses,6,63.43,,13365.00000005,0,690,1,26.0,33000
6102,Medical Outpatient Expenses,6,42.6,D,21000.00000002,0,425,1,25.0,15250
3697,Medical Outpatient Expenses,6,70.5,R,18000.00000001,0,314,1,,14050
13124,Life Events,6,10.98,A,19384.00000003,0,576,1,25.0,20000
9232,Major Purchase,6,62,R,20000.00000015,0,385,2,38.0,11340
1034,Calamity Fund,6,58.36,B,12000.00000013,0,760,3,30.0,14606
3258,Others,6,63.43,C,15888.00000008,0,1125,2,33.0,14000
5942,Personal Vacation,6,42.6,R,20700.00000004,1,576,3,28.0,17777
2766,Home Repairs and Improvement,6,33.3,R,14000.00000012,1,198,1,27.0,10000
14295,Life Events,6,33.3,B,17500.00000012,0,690,1,29.0,12000
4282,Calamity Fund,6,10.98,B,16465.00000008,1,576,2,44.0,13000
6303,Personal Vacation,6,70.5,R,19200.00000003,0,760,3,29.0,8882
13090,Payment of Utilities,6,10.98,C,12545.0000001,0,576,1,26.0,17500
7109,Home Repairs and Improvement,6,70.5,R,11800.00000005,1,589,3,39.0,10000
7170,Home Repairs and Improvement,6,62,F,21000.0,1,245,2,45.0,15000
16741,Medical Outpatient Expenses,6,33.3,B,18000.0,0,425,3,,45000
3542,School Expenses,6,62,R,10000.00000008,0,198,1,,
839,Others,6,63.43,R,10570.00000005,0,198,1,28.0,
13955,Pay Off Debts,6,70.5,R,18000.00000001,0,245,2,31.0,
11615,Life Events,6,42.6,F,20600.00000009,0,425,1,,38000
5500,School Expenses,6,62,R,12000.00000008,0,84,1,27.0,22000
15701,Life Events,6,42.6,C,15300.00000015,1,414,3,22.0,12303
10351,Payment of Utilities,6,70.5,R,20700.00000003,0,760,2,26.0,32366
9466,Calamity Fund,6,48.1,B,14000.00000001,0,905,3,37.0,15518
11644,Home Repairs and Improvement,6,10.98,B,13423.00000008,0,690,3,33.0,
12296,Hospitalization In-patient Expenses,6,50.1,E,15000.0000001,0,198,2,28.0,24300
7890,Medical Outpatient Expenses,6,62,F,8100.00000007,0,198,1,35.0,13617
11785,Others,6,32.43,C,18000.00000001,1,760,2,41.0,28000
15294,Pay Off Debts,6,33.3,B,16000.00000008,0,388,2,25.0,14460
16255,Personal Vacation,6,21.8,R,21000.00000003,0,198,2,37.0,16984
12005,Home Repairs and Improvement,6,48.1,,19300.00000005,0,576,1,25.0,28000
13368,Home Repairs and Improvement,6,21.8,A,88200.00000004,0,210,3,28.0,9550
788,Home Repairs and Improvement,6,21.8,C,15000.00000008,0,395,2,36.0,12752
4415,Life Events,6,70.5,F,20600.00000013,1,907,2,24.0,20989
5946,Purchase of Household Appliances & Furniture,6,70.5,R,20000.00000012,0,576,2,37.0,52658
10576,School Expenses,6,21.8,A,8000.00000002,0,414,3,54.0,15550
7117,Payment of Utilities,6,70.5,R,10000.00000012,1,690,1,37.0,15000
7661,Business,6,21.8,R,23000.00000011,0,198,3,58.0,15000
237,Calamity Fund,6,33.3,B,12400.00000009,0,663,3,23.0,14500
7446,Home Repairs and Improvement,6,70.5,R,12000.00000009,0,84,3,,20558
6527,Home Repairs and Improvement,6,48.1,B,17169.00000007,0,1124,2,30.0,15372
15381,Calamity Fund,6,50.1,R,21000.00000008,0,385,3,41.0,13425
9823,School Expenses,6,40.5,R,10000.00000013,0,24,3,36.0,
498,School Expenses,6,21.8,A,50000.0000001,0,407,1,41.0,17100
3182,Life Events,6,63.43,C,17500.00000013,0,1125,1,29.0,30000
10276,Calamity Fund,6,44.99,A,10920.0000001,0,1082,3,27.0,
7142,Payment of Utilities,6,42.6,C,10000.00000005,0,576,2,30.0,15100
4029,Home Repairs and Improvement,6,10.98,B,13706.00000006,0,414,1,47.0,17538
2141,School Expenses,6,33.3,B,25000.0,1,318,1,25.0,15000
7471,Home Repairs and Improvement,6,21.8,A,13000.00000002,0,392,3,35.0,15000
3120,Medical Outpatient Expenses,6,63.43,C,16000.00000003,0,1125,1,60.0,8269
11653,Medical Outpatient Expenses,6,21.8,A,20000.00000006,0,425,3,,18000
11842,Home Repairs and Improvement,6,42.6,C,20000.00000009,1,385,3,35.0,11525
6909,Life Events,6,21.8,A,20900.00000002,0,585,2,55.0,25863
14819,Payment of Utilities,6,63.43,C,11000.0000001,0,760,1,29.0,17656
3436,Home Repairs and Improvement,6,63.43,C,19096.00000008,0,1125,1,39.0,10000
10633,Pay Off Debts,6,62,R,14000.0000001,0,198,3,25.0,34500
12883,Calamity Fund,6,50.1,D,28000.00000002,0,967,1,40.0,33000
10472,Payment of Utilities,6,21.8,B,30000.00000004,0,387,3,32.0,20000
4773,Personal Vacation,6,33.3,B,15000.00000004,0,414,1,32.0,25000
1544,Purchase of Household Appliances & Furniture,6,62,E,20000.00000015,0,625,2,38.0,15606
7427,Purchase of Household Appliances & Furniture,6,42.6,R,15400.00000009,0,690,2,23.0,537
9983,Home Repairs and Improvement,6,32.43,A,28300.00000002,0,640,1,25.0,
5183,Home Repairs and Improvement,6,62,R,14000.0000001,0,198,3,25.0,27000
11198,Education / Tuition Fee,6,63.43,,17895.00000005,0,760,1,30.0,11814
13058,Home Repairs and Improvement,6,42.6,R,14000.00000007,0,198,3,37.0,15562
4714,Home Repairs and Improvement,6,10.98,A,12449.00000003,0,690,3,,15000
3357,Payment of Utilities,6,63.43,C,18000.00000011,0,1125,3,24.0,35000
15116,Home Repairs and Improvement,6,70.5,R,8000.0,0,380,3,37.0,35000
13407,Medical Outpatient Expenses,6,50.1,E,20000.00000012,0,385,1,34.0,18288
6277,Life Events,6,70.5,R,18000.00000001,0,760,1,35.0,45823
14160,School Expenses,6,50.1,F,13000.00000005,0,84,1,37.0,34000
3500,Payment of Utilities,6,10.98,B,14775.0000001,0,690,3,35.0,16062
4149,Medical Outpatient Expenses,12,25,E,15000.00000017,0,395,1,42.0,10500
1727,Home Repairs and Improvement,12,36.8,E,27200.0000002,0,690,2,35.0,16500
6832,Medical Outpatient Expenses,12,36.8,E,38400.00000016,1,760,2,25.0,29300
3194,School Expenses,12,25,B,38000.00000025,1,344,3,,12495
3789,School Expenses,12,35.2,R,30000.00000007,0,69,1,36.0,22900
4771,Business,12,35.2,R,19000.00000001,1,198,3,23.0,
10030,Purchase of Household Appliances & Furniture,12,36.8,E,19000.00000013,1,973,3,,150000
9552,Others,12,25,E,30000.00000007,0,198,2,41.0,22500
16561,School Expenses,12,25,B,60000.00000015,0,198,2,36.0,20000
4230,Home Repairs and Improvement,12,25,A,100000.00000018,0,576,2,30.0,53000
4035,Purchase of Household Appliances & Furniture,12,16.83,AA,22000.00000023,0,647,1,,14530
7072,School Expenses,12,25,A,49000.00000006,0,198,2,24.0,14006
908,Business,12,35.2,R,30000.00000007,0,198,1,37.0,
12865,Purchase of Household Appliances & Furniture,12,36.8,E,52000.00000012,0,760,3,24.0,18000
9390,Purchase of Household Appliances & Furniture,12,29.5,B,111000.00000009,0,576,1,34.0,55000
8751,Personal Vacation,12,25,E,34000.00000016,0,198,1,27.0,18000
10300,School Expenses,12,35.2,E,40000.00000008,0,401,2,31.0,11340
6268,Hospitalization In-patient Expenses,12,36.8,C,45900.00000027,1,895,1,34.0,15000
7558,Payment of Utilities,12,62.92,,21600.00000009,0,1157,2,24.0,21000
9120,Calamity Fund,12,16.83,B,50000.00000021,0,576,3,28.0,12500
11303,Others,12,14.64,B,26848.0,0,571,1,33.0,20000
16770,Home Repairs and Improvement,12,36.8,E,21000.00000024,1,760,3,23.0,18250
13420,Others,12,25,A,40000.00000001,0,198,2,36.0,22000
11996,Home Repairs and Improvement,12,25,A,37000.00000008,0,122,2,34.0,6760
14823,Home Repairs and Improvement,12,36.8,E,20000.00000017,0,760,2,38.0,
14459,Home Repairs and Improvement,12,31,R,20000.0000002,0,121,3,48.0,11000
2181,Others,12,32.85,C,15184.00000009,0,589,3,28.0,11198
1094,Home Repairs and Improvement,12,36.8,E,40000.00000008,0,760,1,25.0,9322
1089,Home Repairs and Improvement,12,25,A,24000.00000022,1,392,2,29.0,
10798,School Expenses,12,30,R,20000.00000003,0,67,2,28.0,
11805,Purchase of Household Appliances & Furniture,12,53.16,B,28000.00000015,0,760,1,24.0,234611
6978,Purchase of Household Appliances & Furniture,12,31,C,38900.00000007,1,576,2,35.0,
17031,School Expenses,12,35.2,D,20000.00000007,1,576,2,,15000
1704,Calamity Fund,12,14.64,AA,20000.00000005,0,1084,1,40.0,13500
4903,Personal Vacation,12,36.8,R,25000.00000015,0,385,1,25.0,11621
7755,Home Repairs and Improvement,12,25,B,28000.00000004,0,267,1,39.0,16694
13052,Medical Outpatient Expenses,12,35.2,D,20600.00000016,0,690,2,33.0,27000
3019,Purchase of Household Appliances & Furniture,12,36.8,R,27000.00000029,0,760,3,32.0,17000
1104,Life Events,12,36.8,E,55000.00000028,0,760,3,44.0,10666
187,Personal Vacation,12,29.5,B,66000.00000014,0,576,3,48.0,
13964,Payment of Utilities,12,32.85,R,30000.00000012,0,760,1,40.0,25000
6270,Medical Outpatient Expenses,12,36.8,R,30000.00000011,0,907,3,28.0,
2119,Payment of Utilities,12,29.5,B,37700.00000013,0,760,3,28.0,50000
1353,Home Repairs and Improvement,12,25,A,97500.00000005,0,967,2,39.0,13860
1851,Home Repairs and Improvement,12,25,D,15000.00000017,0,198,3,26.0,103000
4555,Home Repairs and Improvement,12,29.5,B,130000.00000024,0,576,2,41.0,
1970,Home Repairs and Improvement,12,35.2,R,30000.00000007,0,198,2,39.0,19000
12498,Home Repairs and Improvement,12,36.8,R,40000.00000008,0,760,3,27.0,18000
9546,Medical Outpatient Expenses,12,25,E,8000.00000017,0,198,2,35.0,17582
2639,Hospitalization In-patient Expenses,12,31,C,34100.00000004,0,663,3,40.0,18654
7222,Home Repairs and Improvement,12,35.2,R,20000.00000007,0,198,2,25.0,
8842,Medical Outpatient Expenses,12,25,A,30000.00000007,0,198,1,23.0,40000
11851,Payment of Utilities,12,53.16,,20103.00000023,0,1115,3,31.0,11600
8583,Home Repairs and Improvement,12,14.64,AA,50864.00000008,0,1094,3,34.0,16000
3705,Life Events,12,29.5,B,33800.00000001,0,576,1,28.0,16273
4325,Home Repairs and Improvement,12,25,C,70000.00000007,1,387,3,35.0,80000
13279,Medical Outpatient Expenses,12,35.2,R,44000.00000019,0,119,3,,16000
11593,Home Repairs and Improvement,12,25,B,46000.00000016,1,302,3,34.0,16000
1233,Home Repairs and Improvement,12,72.45,D,15610.00000033,0,198,2,,16000
3951,Home Repairs and Improvement,12,32.85,A,30000.00000012,0,1124,2,44.0,
9351,Education / Tuition Fee,12,62.92,C,18210.00000031,0,1104,2,,20000
11336,Payment of Utilities,12,29.5,B,21300.0000001,1,198,2,44.0,15979
4556,Home Repairs and Improvement,12,36.8,R,26700.00000018,0,741,1,29.0,15000
10004,Home Repairs and Improvement,12,53.16,,28400.00000023,0,967,3,53.0,
13801,Personal Vacation,12,35.2,D,44000.00000019,0,760,1,33.0,
3944,Calamity Fund,12,32.85,A,45000.00000005,0,1124,2,39.0,14000
1784,Payment of Utilities,12,36.8,E,34900.00000026,0,690,3,,11000
14484,Payment of Utilities,12,14.64,A,32000.0000001,0,760,1,48.0,20000
4870,Home Repairs and Improvement,12,14.64,B,37488.00000001,0,385,3,44.0,20000
10652,School Expenses,12,35.2,B,15000.00000016,0,255,1,46.0,
9578,Medical Outpatient Expenses,12,62.92,C,28772.00000011,0,1114,3,26.0,18250
9294,School Expenses,12,25,A,40000.00000001,0,576,2,25.0,21000
11664,Home Repairs and Improvement,12,25,B,21000.00000001,0,268,2,33.0,17200
101,Home Repairs and Improvement,12,29.5,B,18300.00000006,0,198,2,25.0,15265
7559,Payment of Utilities,12,62.92,,98204.00000022,0,1157,1,30.0,12932
11261,Payment of Utilities,12,25,A,20000.00000012,0,571,2,28.0,
6811,Home Repairs and Improvement,12,31,C,52000.00000011,0,907,1,67.0,
12547,Pay Off Debts,12,31,C,31000.00000009,1,576,2,28.0,16000
3062,Home Repairs and Improvement,12,14.64,B,16808.00000004,0,741,2,33.0,25000
9981,Others,12,72.45,,30660.00000013,0,897,2,38.0,30000
10907,Home Repairs and Improvement,12,62.92,,36192.00000011,0,1173,1,25.0,
8778,Purchase of Household Appliances & Furniture,12,12.73,A,40000.0000001,0,522,1,,18000
12614,Home Repairs and Improvement,12,35.2,R,23000.00000015,0,198,1,37.0,15994
14750,Purchase of Household Appliances & Furniture,12,36.8,E,31600.00000004,0,760,3,27.0,
3827,Payment of Utilities,12,53.16,B,38900.00000011,0,1125,2,25.0,
3034,Calamity Fund,12,14.64,B,34130.00000001,0,407,1,25.0,25000
890,Education / Tuition Fee,12,32.85,A,22680.00000005,0,1084,2,34.0,
4922,Calamity Fund,12,14.64,A,43870.00000025,0,385,2,25.0,10000
13227,Payment of Utilities,12,35.2,E,35000.00000021,0,576,2,29.0,20000
12459,Life Events,12,36.8,R,34000.00000005,0,967,2,25.0,17833
15307,Pay Off Debts,12,25,B,48600.00000011,1,385,2,36.0,18600
14777,Business,12,25,B,10000.00000021,1,198,3,,15131
11740,Purchase of Household Appliances & Furniture,12,35.2,D,21000.00000008,0,760,1,38.0,16000
3905,Home Repairs and Improvement,12,32.85,A,48684.00000016,0,1124,3,45.0,16060
9663,Medical Outpatient Expenses,12,25,A,55000.0000002,0,905,3,36.0,
6179,Education / Tuition Fee,12,14.64,A,40000.00000012,0,690,3,35.0,18082
3632,School Expenses,12,25,A,60000.00000015,0,341,2,30.0,14420
13930,Home Repairs and Improvement,12,36.8,R,27500.00000028,0,760,3,41.0,15192
2532,Home Repairs and Improvement,12,29.5,A,100000.00000009,0,198,1,37.0,28000
6327,Home Repairs and Improvement,12,36.8,E,29000.00000006,0,766,1,46.0,27300
6796,Home Repairs and Improvement,12,31,C,10000.00000013,0,766,2,,15000
2671,Home Repairs and Improvement,12,35.2,R,18000.00000026,1,198,1,,14473
7124,Payment of Utilities,12,36.8,R,19000.00000013,1,690,1,24.0,34000
3120,Purchase of Household Appliances & Furniture,12,31,C,12500.00000027,0,897,2,,22274
16357,Home Repairs and Improvement,12,29.5,A,80000.0000002,0,245,1,37.0,12000
14761,Home Repairs and Improvement,12,25,B,74000.00000021,0,380,3,25.0,12591
12438,Home Repairs and Improvement,12,14.64,A,26674.00000008,0,967,2,41.0,11000
11008,Medical Outpatient Expenses,12,25,R,13000.00000013,1,198,2,36.0,16000
3624,Home Repairs and Improvement,12,36.8,R,45100.00000017,1,760,2,29.0,17198
235,School Expenses,12,25,R,20000.00000012,1,198,3,32.0,16500
10143,School Expenses,12,25,B,20000.00000012,0,95,1,29.0,
5474,Life Events,12,31,C,30000.00000007,0,760,2,42.0,15104
3893,Home Repairs and Improvement,12,53.16,B,64800.00000017,0,1125,3,40.0,25000
8585,Home Repairs and Improvement,12,14.64,AA,49586.00000024,0,1094,3,31.0,15856
10136,Personal Vacation,12,25,R,33000.00000002,0,527,1,,12500
5607,School Expenses,12,25,A,28000.00000004,1,258,1,35.0,30250
5581,Home Repairs and Improvement,12,25,R,21000.00000001,0,198,1,30.0,21488
6051,Others,12,14.64,B,16834.0000001,0,766,2,25.0,16000
6579,Business,12,29.5,C,45000.00000022,0,385,1,27.0,
12393,Purchase of Household Appliances & Furniture,12,14.64,B,29464.00000002,0,967,3,32.0,20000
16559,Business,12,25,B,100000.00000018,0,198,2,25.0,18250
2987,Home Repairs and Improvement,12,29.5,B,28000.0000001,0,585,1,33.0,13000
3855,Home Repairs and Improvement,12,53.16,B,35944.00000022,0,1125,1,23.0,10000
7581,Others,12,29.5,B,51000.00000007,0,554,3,31.0,19713
6734,Home Repairs and Improvement,12,25,A,30000.00000007,0,766,3,40.0,15000
15333,School Expenses,12,29.5,B,35000.00000023,0,385,1,36.0,30000
8575,Life Events,12,29.5,B,23600.00000012,0,571,1,46.0,9266
4668,School Expenses,12,25,A,32000.00000015,0,198,1,29.0,13814
9708,Home Repairs and Improvement,12,37.3,R,20000.00000012,0,53,1,29.0,20900
1786,Home Repairs and Improvement,12,36.8,R,27200.0000002,0,897,2,26.0,
1239,Personal Vacation,12,36.8,R,30000.00000011,0,198,3,26.0,
6602,Home Repairs and Improvement,12,14.64,A,54998.00000013,0,119,3,44.0,66020
5120,Home Repairs and Improvement,12,36.8,R,36000.00000015,0,630,2,33.0,
10141,Education / Tuition Fee,12,62.92,,20000.00000019,0,1125,1,31.0,11406
10086,Home Repairs and Improvement,12,62.92,,25752.00000031,0,1106,1,28.0,15000
1224,Bicycle,12,72.45,D,9196.00000028,0,198,1,43.0,12194
3171,Home Repairs and Improvement,12,36.8,R,31000.00000018,0,198,1,,
2941,Home Repairs and Improvement,12,25,B,32000.00000015,1,414,2,40.0,11788
7431,Payment of Utilities,12,12.73,B,50000.00000009,0,690,3,35.0,30000
433,Home Repairs and Improvement,12,36.8,E,20300.00000024,0,741,2,35.0,16442
4508,Home Repairs and Improvement,12,53.16,D,23760.00000015,0,787,3,27.0,12000
799,Home Repairs and Improvement,12,36.8,E,35000.0000001,0,760,2,39.0,13962
4270,School Expenses,12,25,E,34000.00000016,0,198,3,,6173
10175,Home Repairs and Improvement,12,36.8,E,30000.00000011,0,48,1,28.0,13660
3330,Home Repairs and Improvement,12,31,C,27000.00000012,0,787,3,28.0,12450
16474,Payment of Utilities,12,31,C,27300.00000013,1,647,1,50.0,15000
9331,Home Repairs and Improvement,12,29.5,B,25000.00000002,0,385,2,29.0,14245
15838,Home Repairs and Improvement,12,25,B,27000.00000014,0,330,2,39.0,13494
2542,Payment of Utilities,12,14.64,A,22554.0000002,0,589,2,26.0,9858
14729,School Expenses,12,31,E,30000.00000007,1,210,3,33.0,
11443,Life Events,24,35.3,D,77400.00000023,0,967,1,35.0,23000
827,Pay Off Debts,24,13.81,B,200000.00000037,0,1157,1,36.0,23709
5006,Home Repairs and Improvement,24,26.4,B,53000.00000036,0,414,3,28.0,13494.62
10696,Calamity Fund,24,16.72,B,58200.00000045,0,318,1,27.0,17974
8615,Home Repairs and Improvement,24,26.4,A,51700.00000044,1,690,3,39.0,
10051,Home Repairs and Improvement,24,29.9,B,45900.00000007,1,741,1,38.0,33000
2904,Home Repairs and Improvement,24,16.72,A,85374.00000049,0,214,3,33.0,13200
2373,Home Repairs and Improvement,24,16.72,AA,60000.00000009,0,1105,1,26.0,34028
12593,Home Repairs and Improvement,24,26.4,R,48000.00000062,0,198,1,31.0,12250
11342,Payment of Utilities,24,55.06,,70950.30000072,0,760,2,28.0,17833
8771,Purchase of Household Appliances & Furniture,24,29.9,B,63000.00000026,1,576,1,27.0,11000
15316,Home Repairs and Improvement,24,33.1,C,63000.00000043,0,760,1,32.0,15000
11283,Home Repairs and Improvement,24,48.84,A,32760.00000018,0,1082,1,30.0,19600
7763,Calamity Fund,24,55.06,B,35000.00000026,0,905,1,33.0,10000
11250,Home Repairs and Improvement,24,29.9,B,54700.00000055,0,760,3,51.0,20000
1354,Payment of Utilities,24,35.3,R,100000.00000008,0,760,2,27.0,
7245,Home Repairs and Improvement,24,26.4,A,150000.00000038,0,85,2,40.0,10800
10478,Home Repairs and Improvement,24,16.72,,45000.00000037,0,1094,1,36.0,
3948,Life Events,24,36.8,A,40929.00000038,0,1114,1,31.0,14000
11346,Payment of Utilities,24,55.06,,56856.00000005,0,760,1,30.0,10980
2306,Life Events,24,33.1,C,59300.00000044,0,690,3,,14000
1369,Home Repairs and Improvement,24,36.8,A,30000.00000008,0,1084,1,25.0,16806
1864,Home Repairs and Improvement,24,35.3,R,54000.00000062,1,690,3,29.0,
8431,Education / Tuition Fee,24,67.88,,34300.00000066,0,1158,2,27.0,21000
5395,Home Repairs and Improvement,24,35.3,D,80000.00000063,0,385,2,32.0,16000
11029,Home Repairs and Improvement,24,13.81,B,38500.00000017,1,198,3,26.0,58485
13045,Home Repairs and Improvement,24,33.1,C,100000.00000008,0,576,1,42.0,8903
2407,Medical Outpatient Expenses,24,16.72,B,102893.67000031,0,550,3,50.0,20579
13518,Life Events,24,29.9,B,30000.00000007,1,589,2,,19435
1666,Home Repairs and Improvement,24,29.9,B,60000.00000012,0,760,1,30.0,16806
10088,Home Repairs and Improvement,24,35.3,D,31500.00000054,1,741,1,35.0,16241
3926,Car Purchase,24,33.1,D,130000.00000034,0,385,1,35.0,17495
5759,Medical Outpatient Expenses,24,13.81,C,24000.00000004,0,77,3,27.0,12863
3514,Motorbike Purchase,24,26.4,A,40000.00000008,0,124,1,37.0,21000
1408,Payment of Utilities,24,35.3,D,20000.00000017,0,760,3,24.0,22400
12687,Purchase of Household Appliances & Furniture,24,35.3,D,51600.0000004,0,967,3,27.0,22000
10877,Home Repairs and Improvement,24,55.06,,80000.00000045,0,1173,2,51.0,8268
11449,Payment of Utilities,24,35.3,D,56000.00000058,0,760,1,43.0,10000
672,Business,24,26.4,A,75000.00000049,0,198,2,32.0,16000
12569,Home Repairs and Improvement,24,16.72,B,74889.00000019,0,760,2,37.0,18598
6979,Home Repairs and Improvement,24,35.3,R,24000.00000004,1,210,3,24.0,10920
2319,Life Events,24,36.8,A,81114.00000062,0,690,2,37.0,15000
5417,Payment of Utilities,24,35.3,D,112800.00000026,1,967,3,30.0,8792
6436,Home Repairs and Improvement,24,26.4,A,155000.00000009,0,766,2,40.0,15928.2
5763,Home Repairs and Improvement,24,13.81,D,35000.00000041,0,77,1,27.0,11514
6722,Calamity Fund,24,16.72,A,50000.00000024,0,690,1,31.0,14914
3687,Home Repairs and Improvement,24,29.9,B,39500.00000058,1,571,1,30.0,13312
8740,Home Repairs and Improvement,24,16.72,AA,62000.00000042,0,1094,3,43.0,13468
8681,Home Repairs and Improvement,24,16.72,AA,15200.00000038,0,1094,1,30.0,19094
1904,Home Repairs and Improvement,24,36.8,A,20000.00000029,0,1102,3,31.0,
4668,Life Events,24,36.8,B,27200.00000047,0,425,3,,15000
4653,Calamity Fund,24,36.8,A,30000.00000008,0,1124,3,,28000
9386,Calamity Fund,24,16.72,B,30000.00000006,0,525,2,35.0,38000
9300,Calamity Fund,24,55.06,B,55000.00000015,0,905,1,,19000
12695,Purchase of Household Appliances & Furniture,24,35.3,D,57700.00000065,0,760,3,,43000
1266,Purchase of Household Appliances & Furniture,24,35.3,D,66000.00000029,0,760,1,37.0,15000
538,Home Repairs and Improvement,24,26.4,A,63000.00000037,0,198,1,26.0,15291
6846,Payment of Utilities,24,16.72,AA,31500.00000014,0,571,3,44.0,12904
8848,Payment of Utilities,24,16.72,,50000.00000024,0,1094,1,23.0,45000
1655,Home Repairs and Improvement,24,29.9,B,63000.00000026,0,760,2,32.0,20000
3498,Medical Outpatient Expenses,24,67.88,C,120000.00000026,0,1125,2,35.0,15000
10901,Home Repairs and Improvement,24,29.9,B,30000.00000007,0,571,3,35.0,16280
12577,Home Repairs and Improvement,24,16.72,B,74451.00000047,0,760,2,65.0,35000
13745,Home Repairs and Improvement,24,16.72,A,57000.00000048,0,576,1,29.0,6868
13615,Payment of Utilities,24,33.1,C,60000.00000045,0,760,3,36.0,
6716,Medical Outpatient Expenses,24,16.72,B,42939.00000011,0,425,2,39.0,21684
6458,School Expenses,24,26.4,D,42000.00000017,1,198,3,22.0,10080
1906,Calamity Fund,24,16.72,AA,34020.00000044,0,1084,3,26.0,
8397,Home Repairs and Improvement,24,67.88,C,18100.00000005,0,773,2,34.0,16250
11197,Business,24,26.4,A,63000.00000037,0,318,2,,21000
12559,Life Events,24,16.72,A,51774.00000005,0,760,1,43.0,28613
3280,Home Repairs and Improvement,24,26.4,A,40000.00000008,1,318,3,30.0,17344
8877,Home Repairs and Improvement,24,16.72,AA,66084.0000002,0,1094,3,29.0,14170
10504,Home Repairs and Improvement,24,13.81,A,48900.00000004,0,318,2,,8895
5952,Payment of Utilities,24,55.06,B,50000.00000059,0,760,2,24.0,10000
12580,Home Repairs and Improvement,24,29.9,B,50000.0000001,0,760,3,27.0,42436
8451,Home Repairs and Improvement,24,36.8,B,56976.00000065,0,830,1,41.0,18380
14223,Payment of Utilities,24,35.3,D,35000.00000044,0,760,2,42.0,16500
15345,Education / Tuition Fee,24,36.8,A,40000.0000006,0,1108,3,30.0,16000
5278,Calamity Fund,24,16.72,B,25200.00000022,0,95,1,35.0,18000
697,Car Purchase,24,26.4,A,300000.00000009,0,198,1,21.0,35000
2408,Calamity Fund,24,16.72,A,300000.0000005,0,550,2,28.0,19400
11629,Home Repairs and Improvement,24,26.4,A,40000.00000008,1,728,1,30.0,23050
138,Medical Outpatient Expenses,24,26.4,A,31800.00000035,0,571,2,33.0,
13797,Home Repairs and Improvement,24,36.8,A,120000.00000041,0,956,3,54.0,14300
515,Home Repairs and Improvement,24,26.4,A,70000.00000017,0,198,3,38.0,18000
1322,Life Events,24,35.3,D,39700.00000049,0,760,2,22.0,23750
615,School Expenses,24,26.4,A,60000.00000012,0,198,3,37.0,10000
11249,Purchase of Household Appliances & Furniture,24,29.9,B,105000.00000023,0,576,3,27.0,15000
6457,Home Repairs and Improvement,24,26.4,A,60000.00000012,0,905,1,32.0,35238
523,School Expenses,24,26.4,B,57000.00000054,0,198,2,32.0,
10068,Home Repairs and Improvement,24,55.06,,100000.00000037,0,1125,1,,10000
7542,School Expenses,24,35.3,A,52000.00000067,1,212,3,33.0,22000
4933,School Expenses,24,55.06,B,26764.00000042,0,425,1,26.0,19500
11458,Home Repairs and Improvement,24,35.3,D,110000.00000049,0,967,2,27.0,
1344,Calamity Fund,24,36.8,A,34020.00000038,0,1084,1,32.0,26638
10623,Home Repairs and Improvement,24,26.4,A,45000.00000042,0,760,1,45.0,13706
1370,Home Repairs and Improvement,24,36.8,C,25000.0000002,0,198,3,46.0,17496
11676,Payment of Utilities,24,29.9,B,49500.00000061,0,760,2,58.0,11000
1382,Home Repairs and Improvement,24,36.8,C,28000.00000055,0,198,2,,19000
4926,Home Repairs and Improvement,24,55.06,B,57270.00000043,0,905,3,26.0,30000
8659,Home Repairs and Improvement,24,16.72,AA,40854.00000003,0,1094,1,30.0,16000
2503,Home Repairs and Improvement,24,35.3,R,52300.00000049,0,760,2,25.0,11000
14068,Calamity Fund,24,36.8,A,30000.00000008,0,760,1,23.0,25
11779,Life Events,24,35.3,R,54000.00000062,0,760,1,,30000
5384,Personal Vacation,24,35.3,D,69000.00000021,0,414,2,25.0,15484
11612,Home Repairs and Improvement,24,33.1,B,80000.0000006,1,385,3,28.0,19000
1373,Home Repairs and Improvement,24,35.3,D,52000.00000067,0,760,2,34.0,23000
3302,Home Repairs and Improvement,24,13.81,A,400000.00000024,0,401,3,41.0,
7772,Calamity Fund,24,55.06,B,51000.00000052,0,905,1,27.0,26000
121,Home Repairs and Improvement,24,13.81,R,48400.00000003,0,198,2,23.0,18231
8963,Calamity Fund,24,16.72,B,47841.00000005,0,760,1,25.0,9238
9400,Medical Outpatient Expenses,24,35.3,D,65000.0000003,1,576,3,38.0,22000
3513,Medical Outpatient Expenses,24,67.88,C,70000.0000004,0,1125,3,30.0,
8661,Home Repairs and Improvement,24,16.72,AA,35000.00000055,0,1094,1,31.0,21000
13220,Personal Vacation,24,35.3,R,50000.00000003,1,64,1,34.0,13050
6684,Education / Tuition Fee,24,13.81,D,75000.00000049,1,387,3,43.0,22000
15835,Medical Outpatient Expenses,24,13.81,B,48000.00000008,0,414,1,36.0,
3483,Home Repairs and Improvement,24,36.8,A,45372.00000057,1,1124,1,35.0,18674
1359,Home Repairs and Improvement,24,35.3,D,57700.00000065,0,760,1,34.0,16000
13872,Purchase of Household Appliances & Furniture,36,29.1,C,58000.00000026,0,576,3,31.0,18600
1050,Home Repairs and Improvement,36,33.5,R,78600.00000009,0,897,2,23.0,9292
1074,Home Repairs and Improvement,36,33.5,D,48500.00000065,0,897,3,32.0,850000
7935,Home Repairs and Improvement,36,17.3,A,300000.00000022,1,318,1,30.0,25000
12693,Home Repairs and Improvement,36,29.1,C,60000.00000061,0,967,1,27.0,16500
10945,Home Repairs and Improvement,36,33.5,R,89900.00000114,0,967,2,23.0,70000
14844,Payment of Utilities,36,11.22,AA,210000.00000069,0,760,2,28.0,15000
419,Home Repairs and Improvement,36,17.3,A,62200.00000048,0,198,1,28.0,11000
3799,Home Repairs and Improvement,36,44.04,A,100000.00000107,0,1114,1,46.0,87600
12222,Home Repairs and Improvement,36,17.3,A,185400.00000019,0,967,2,,15573
15175,Purchase of Household Appliances & Furniture,36,21.24,A,73633.00000059,0,760,2,29.0,24000
67,Home Repairs and Improvement,36,23.8,B,51700.00000093,0,198,2,33.0,12610
12174,Payment of Utilities,36,23.8,B,115900.00000079,0,967,3,26.0,23000
15078,Purchase of Household Appliances & Furniture,36,33.5,D,90000.00000017,0,760,3,42.0,11264
8600,Payment of Utilities,36,64.01,,81550.00000157,0,576,2,25.0,8078
521,Home Repairs and Improvement,36,17.3,A,86300.0000001,0,760,3,29.0,39000
12234,Home Repairs and Improvement,36,17.3,A,213200.00000088,0,967,2,34.0,11454
2779,Medical Outpatient Expenses,36,23.8,C,40000.00000043,0,414,1,30.0,13652
12212,Life Events,36,17.3,A,221400.00000056,0,967,2,53.0,25846
9911,Personal Vacation,36,23.8,B,150000.00000087,1,690,2,26.0,14850
3172,Purchase of Household Appliances & Furniture,36,29.1,C,147900.00000071,0,690,2,45.0,20000
872,Life Events,36,33.5,R,85000.00000078,1,760,2,36.0,17232
3684,Home Repairs and Improvement,36,21.24,,150000.00000077,0,385,1,,12500
12178,Life Events,36,23.8,B,97900.00000068,0,967,1,,30000
14025,Home Repairs and Improvement,36,17.3,A,39200.00000028,1,766,1,48.0,18100
2556,Home Repairs and Improvement,36,29.1,C,56000.00000113,0,760,1,30.0,32000
8205,Payment of Utilities,36,64.01,B,65000.00000193,0,905,2,26.0,17250
12904,Personal Vacation,36,17.3,A,200000.00000079,1,576,1,35.0,12000
4199,Hospitalization In-patient Expenses,36,33.5,R,70000.00000111,0,690,2,32.0,25000
8212,Calamity Fund,36,64.01,B,60000.00000129,0,905,1,30.0,30000
4216,Home Repairs and Improvement,36,33.5,D,44800.00000083,0,766,2,38.0,20280
11577,Home Repairs and Improvement,36,29.1,C,100000.00000049,0,766,1,26.0,13500
13859,Home Repairs and Improvement,36,17.3,A,52200.00000034,1,766,1,38.0,18000
4309,Home Repairs and Improvement,36,23.8,B,80900.00000082,0,576,3,44.0,12000
12776,Hospitalization In-patient Expenses,36,11.22,B,94000.00000051,1,198,2,25.0,15090
425,Home Repairs and Improvement,36,17.3,B,55300.00000039,0,198,3,27.0,30000
4449,Home Repairs and Improvement,36,44.04,A,53000.00000117,0,905,1,26.0,22500
6282,Home Repairs and Improvement,36,17.3,A,68144.00000025,0,766,1,24.0,16000
2244,Home Repairs and Improvement,36,33.5,D,36200.00000058,0,589,3,,26000
10424,Home Repairs and Improvement,36,17.3,A,71000.0000003,0,318,2,33.0,20000
1688,Purchase of Household Appliances & Furniture,36,33.5,R,50000.00000077,0,760,1,25.0,
4963,Payment of Utilities,36,64.01,B,71214.50000094,0,414,3,51.0,23800
1843,Calamity Fund,36,44.04,,72149.00000087,0,198,3,39.0,15000
14842,Personal Vacation,36,11.22,AA,445000.00000054,0,760,3,31.0,20724
3785,Home Repairs and Improvement,36,44.04,A,97632.50000137,0,1122,3,44.0,15324
7429,Payment of Utilities,36,21.24,A,56556.50000071,0,554,2,44.0,30475
4234,Calamity Fund,36,21.24,AA,99365.00000074,0,425,2,24.0,9500
6725,Home Repairs and Improvement,36,11.22,A,200000.00000044,0,830,2,29.0,80000
10411,Payment of Utilities,36,17.3,A,65000.0000004,0,341,2,30.0,13000
12214,Payment of Utilities,36,17.3,A,117600.00000086,0,967,1,42.0,25100
4446,Calamity Fund,36,44.04,A,50000.00000122,0,425,3,43.0,25000
10406,Home Repairs and Improvement,36,64.01,,68040.00000045,0,385,2,24.0,10580
1540,Home Repairs and Improvement,36,17.3,A,88000.0000006,1,760,1,31.0,28000
7190,Medical Outpatient Expenses,36,33.5,D,97500.00000004,1,760,2,33.0,29000
2560,Payment of Utilities,36,29.1,C,75500.00000047,0,760,3,,18977
1846,Others,36,44.04,A,70070.00000092,0,1105,1,29.0,18000
2269,Home Repairs and Improvement,36,21.24,B,87528.00000059,0,759,2,33.0,70658
1796,Home Repairs and Improvement,36,21.24,A,402713.86000053,0,539,1,,15000
2961,Home Repairs and Improvement,36,23.8,B,49000.00000101,0,741,1,,16380
11720,Home Repairs and Improvement,36,33.5,D,115000.00000119,0,967,3,24.0,14000
445,Business,36,17.3,A,60000.00000077,0,198,3,52.0,
12960,Life Events,36,33.5,D,132000.00000109,0,576,1,32.0,30000
12180,Home Repairs and Improvement,36,23.8,B,106200.00000094,0,967,2,29.0,17000
5650,Purchase of Household Appliances & Furniture,36,17.3,A,72200.00000066,0,766,3,39.0,
8422,Education / Tuition Fee,36,21.24,B,100000.00000086,0,967,1,40.0,105700
11708,Calamity Fund,36,33.5,D,70000.00000111,0,967,3,34.0,
11189,Purchase of Household Appliances & Furniture,36,23.8,B,50000.00000029,0,967,1,25.0,
4280,Home Repairs and Improvement,36,21.24,AA,147000.00000036,0,1124,1,42.0,
11621,Home Repairs and Improvement,36,11.22,AA,198200.00000084,0,967,1,22.0,47172
5248,Hospitalization In-patient Expenses,36,17.3,A,300000.00000022,0,625,3,53.0,23000
494,Home Repairs and Improvement,36,17.3,A,45200.00000015,1,728,2,28.0,31200
15143,Payment of Utilities,36,33.5,R,96000.00000104,0,760,3,48.0,9000
15998,Home Repairs and Improvement,36,33.5,D,80000.00000008,1,760,1,31.0,100000
12029,Life Events,36,33.5,R,119000.00000052,1,760,2,,36000
7583,Home Repairs and Improvement,36,21.24,,68981.50000001,0,760,2,46.0,17000
281,Medical Outpatient Expenses,36,11.22,D,50000.00000014,0,198,1,30.0,25000
9780,Home Repairs and Improvement,36,17.3,A,123600.0000008,0,905,1,36.0,13694
10419,Home Repairs and Improvement,36,17.3,B,90000.00000024,0,318,2,23.0,16000
10411,Purchase of Household Appliances & Furniture,36,64.01,,49999.99999999,0,897,3,30.0,8000
15261,Payment of Utilities,36,44.04,A,47100.0000006,0,1106,2,36.0,29150
