{
    "Meta Data": {
        "1. Information": "Intraday (5min) open, high, low, close prices and volume",
        "2. Symbol": "MSFT",
        "3. Last Refreshed": "2023-03-09 20:00:00",
        "4. Interval": "5min",
        "5. Output Size": "Compact",
        "6. Time Zone": "US/Eastern"
    },
    "Time Series (5min)": {
        "2023-03-09 20:00:00": {
            "1. open": "251.3500",
            "2. high": "251.5500",
            "3. low": "251.3500",
            "4. close": "251.4500",
            "5. volume": "4729"
        },
        "2023-03-09 19:55:00": {
            "1. open": "251.2600",
            "2. high": "251.4700",
            "3. low": "251.2500",
            "4. close": "251.4700",
            "5. volume": "2418"
        },
        "2023-03-09 19:50:00": {
            "1. open": "251.3000",
            "2. high": "251.3400",
            "3. low": "251.3000",
            "4. close": "251.3000",
            "5. volume": "426"
        },
        "2023-03-09 19:45:00": {
            "1. open": "251.6000",
            "2. high": "251.6000",
            "3. low": "251.3000",
            "4. close": "251.3000",
            "5. volume": "5159"
        },
        "2023-03-09 19:40:00": {
            "1. open": "251.4400",
            "2. high": "251.5800",
            "3. low": "251.4400",
            "4. close": "251.5800",
            "5. volume": "1367"
        },
        "2023-03-09 19:35:00": {
            "1. open": "251.3201",
            "2. high": "251.5900",
            "3. low": "251.3201",
            "4. close": "251.5900",
            "5. volume": "2173"
        },
        "2023-03-09 19:30:00": {
            "1. open": "251.4000",
            "2. high": "251.4000",
            "3. low": "251.3500",
            "4. close": "251.3500",
            "5. volume": "581"
        },
        "2023-03-09 19:25:00": {
            "1. open": "251.9800",
            "2. high": "251.9800",
            "3. low": "251.5900",
            "4. close": "251.5900",
            "5. volume": "1963"
        },
        "2023-03-09 19:15:00": {
            "1. open": "251.5600",
            "2. high": "251.5600",
            "3. low": "251.5500",
            "4. close": "251.5500",
            "5. volume": "855"
        },
        "2023-03-09 19:10:00": {
            "1. open": "251.8700",
            "2. high": "251.8700",
            "3. low": "251.5300",
            "4. close": "251.5400",
            "5. volume": "723"
        },
        "2023-03-09 19:05:00": {
            "1. open": "251.7500",
            "2. high": "251.7500",
            "3. low": "251.6000",
            "4. close": "251.6000",
            "5. volume": "2634"
        },
        "2023-03-09 19:00:00": {
            "1. open": "251.6100",
            "2. high": "251.6600",
            "3. low": "251.6100",
            "4. close": "251.6600",
            "5. volume": "455"
        },
        "2023-03-09 18:50:00": {
            "1. open": "251.9800",
            "2. high": "251.9800",
            "3. low": "251.9800",
            "4. close": "251.9800",
            "5. volume": "555"
        },
        "2023-03-09 18:45:00": {
            "1. open": "251.5000",
            "2. high": "251.5100",
            "3. low": "251.5000",
            "4. close": "251.5100",
            "5. volume": "499"
        },
        "2023-03-09 18:30:00": {
            "1. open": "251.9800",
            "2. high": "251.9800",
            "3. low": "251.9800",
            "4. close": "251.9800",
            "5. volume": "2057"
        },
        "2023-03-09 18:20:00": {
            "1. open": "251.5100",
            "2. high": "251.5100",
            "3. low": "251.4800",
            "4. close": "251.4800",
            "5. volume": "732"
        },
        "2023-03-09 18:15:00": {
            "1. open": "251.1700",
            "2. high": "251.2500",
            "3. low": "251.1700",
            "4. close": "251.2500",
            "5. volume": "887"
        },
        "2023-03-09 18:10:00": {
            "1. open": "251.4700",
            "2. high": "251.4700",
            "3. low": "251.1100",
            "4. close": "251.1500",
            "5. volume": "3968"
        },
        "2023-03-09 18:05:00": {
            "1. open": "252.1100",
            "2. high": "252.1100",
            "3. low": "251.6500",
            "4. close": "251.6500",
            "5. volume": "4311"
        },
        "2023-03-09 18:00:00": {
            "1. open": "252.1004",
            "2. high": "252.1004",
            "3. low": "252.1000",
            "4. close": "252.1000",
            "5. volume": "1371"
        },
        "2023-03-09 17:50:00": {
            "1. open": "252.1800",
            "2. high": "252.1800",
            "3. low": "252.0600",
            "4. close": "252.0600",
            "5. volume": "1544"
        },
        "2023-03-09 17:45:00": {
            "1. open": "252.2500",
            "2. high": "252.2500",
            "3. low": "252.1800",
            "4. close": "252.1800",
            "5. volume": "963"
        },
        "2023-03-09 17:40:00": {
            "1. open": "252.3200",
            "2. high": "252.3200",
            "3. low": "252.3200",
            "4. close": "252.3200",
            "5. volume": "1149"
        },
        "2023-03-09 17:30:00": {
            "1. open": "252.4100",
            "2. high": "252.7500",
            "3. low": "252.4100",
            "4. close": "252.5000",
            "5. volume": "4062"
        },
        "2023-03-09 17:25:00": {
            "1. open": "252.2000",
            "2. high": "252.4100",
            "3. low": "252.2000",
            "4. close": "252.4100",
            "5. volume": "2311"
        },
        "2023-03-09 17:20:00": {
            "1. open": "252.1600",
            "2. high": "252.3200",
            "3. low": "252.1500",
            "4. close": "252.1800",
            "5. volume": "1821"
        },
        "2023-03-09 17:15:00": {
            "1. open": "252.2499",
            "2. high": "252.2499",
            "3. low": "252.2300",
            "4. close": "252.2300",
            "5. volume": "557"
        },
        "2023-03-09 17:10:00": {
            "1. open": "252.2000",
            "2. high": "252.2100",
            "3. low": "252.1500",
            "4. close": "252.1515",
            "5. volume": "3373"
        },
        "2023-03-09 17:05:00": {
            "1. open": "252.1200",
            "2. high": "252.1500",
            "3. low": "252.1100",
            "4. close": "252.1300",
            "5. volume": "1848"
        },
        "2023-03-09 17:00:00": {
            "1. open": "252.3200",
            "2. high": "252.3200",
            "3. low": "252.3200",
            "4. close": "252.3200",
            "5. volume": "1477"
        },
        "2023-03-09 16:55:00": {
            "1. open": "252.3200",
            "2. high": "252.3200",
            "3. low": "252.2200",
            "4. close": "252.2500",
            "5. volume": "2509"
        },
        "2023-03-09 16:50:00": {
            "1. open": "252.2300",
            "2. high": "252.3000",
            "3. low": "252.2300",
            "4. close": "252.3000",
            "5. volume": "1229"
        },
        "2023-03-09 16:45:00": {
            "1. open": "252.1700",
            "2. high": "252.1800",
            "3. low": "252.1700",
            "4. close": "252.1800",
            "5. volume": "369"
        },
        "2023-03-09 16:40:00": {
            "1. open": "252.3200",
            "2. high": "252.3200",
            "3. low": "252.1000",
            "4. close": "252.1132",
            "5. volume": "4596"
        },
        "2023-03-09 16:35:00": {
            "1. open": "252.0900",
            "2. high": "252.2900",
            "3. low": "252.0900",
            "4. close": "252.2900",
            "5. volume": "2014"
        },
        "2023-03-09 16:30:00": {
            "1. open": "252.1000",
            "2. high": "252.2100",
            "3. low": "252.1000",
            "4. close": "252.1500",
            "5. volume": "2076"
        },
        "2023-03-09 16:25:00": {
            "1. open": "252.0100",
            "2. high": "252.0600",
            "3. low": "252.0100",
            "4. close": "252.0500",
            "5. volume": "1857"
        },
        "2023-03-09 16:20:00": {
            "1. open": "252.2500",
            "2. high": "252.3200",
            "3. low": "251.9700",
            "4. close": "252.3200",
            "5. volume": "4928"
        },
        "2023-03-09 16:15:00": {
            "1. open": "251.8100",
            "2. high": "252.3200",
            "3. low": "251.8100",
            "4. close": "252.3200",
            "5. volume": "14795"
        },
        "2023-03-09 16:10:00": {
            "1. open": "252.4500",
            "2. high": "252.4500",
            "3. low": "252.0000",
            "4. close": "252.0000",
            "5. volume": "57266"
        },
        "2023-03-09 16:05:00": {
            "1. open": "252.2700",
            "2. high": "252.8000",
            "3. low": "252.2700",
            "4. close": "252.6500",
            "5. volume": "654090"
        },
        "2023-03-09 16:00:00": {
            "1. open": "253.2000",
            "2. high": "253.3900",
            "3. low": "252.1600",
            "4. close": "252.2800",
            "5. volume": "1221066"
        },
        "2023-03-09 15:55:00": {
            "1. open": "252.8700",
            "2. high": "253.4100",
            "3. low": "252.6200",
            "4. close": "253.1900",
            "5. volume": "597603"
        },
        "2023-03-09 15:50:00": {
            "1. open": "252.6750",
            "2. high": "252.8850",
            "3. low": "252.0200",
            "4. close": "252.8800",
            "5. volume": "376365"
        },
        "2023-03-09 15:45:00": {
            "1. open": "252.7001",
            "2. high": "252.9200",
            "3. low": "252.4900",
            "4. close": "252.6700",
            "5. volume": "304839"
        },
        "2023-03-09 15:40:00": {
            "1. open": "252.4000",
            "2. high": "252.7700",
            "3. low": "251.9800",
            "4. close": "252.7100",
            "5. volume": "369586"
        },
        "2023-03-09 15:35:00": {
            "1. open": "251.8200",
            "2. high": "252.7400",
            "3. low": "251.6000",
            "4. close": "252.3700",
            "5. volume": "504254"
        },
        "2023-03-09 15:30:00": {
            "1. open": "251.9600",
            "2. high": "252.4800",
            "3. low": "251.7600",
            "4. close": "251.7900",
            "5. volume": "345957"
        },
        "2023-03-09 15:25:00": {
            "1. open": "252.2460",
            "2. high": "252.4800",
            "3. low": "251.5800",
            "4. close": "251.9600",
            "5. volume": "464036"
        },
        "2023-03-09 15:20:00": {
            "1. open": "253.0018",
            "2. high": "253.0800",
            "3. low": "252.2100",
            "4. close": "252.2300",
            "5. volume": "358191"
        },
        "2023-03-09 15:15:00": {
            "1. open": "253.0700",
            "2. high": "253.2700",
            "3. low": "252.6600",
            "4. close": "253.0000",
            "5. volume": "271278"
        },
        "2023-03-09 15:10:00": {
            "1. open": "253.3700",
            "2. high": "253.4600",
            "3. low": "252.8300",
            "4. close": "253.1000",
            "5. volume": "254540"
        },
        "2023-03-09 15:05:00": {
            "1. open": "253.6000",
            "2. high": "253.7400",
            "3. low": "253.3300",
            "4. close": "253.3600",
            "5. volume": "163053"
        },
        "2023-03-09 15:00:00": {
            "1. open": "253.6200",
            "2. high": "253.7300",
            "3. low": "253.4450",
            "4. close": "253.5600",
            "5. volume": "144429"
        },
        "2023-03-09 14:55:00": {
            "1. open": "253.6600",
            "2. high": "253.9900",
            "3. low": "253.4200",
            "4. close": "253.6000",
            "5. volume": "185205"
        },
        "2023-03-09 14:50:00": {
            "1. open": "253.9900",
            "2. high": "254.2350",
            "3. low": "253.4600",
            "4. close": "253.6600",
            "5. volume": "177200"
        },
        "2023-03-09 14:45:00": {
            "1. open": "253.7900",
            "2. high": "254.1500",
            "3. low": "253.7900",
            "4. close": "254.0100",
            "5. volume": "185306"
        },
        "2023-03-09 14:40:00": {
            "1. open": "253.1400",
            "2. high": "253.8800",
            "3. low": "253.1400",
            "4. close": "253.8000",
            "5. volume": "231327"
        },
        "2023-03-09 14:35:00": {
            "1. open": "253.7500",
            "2. high": "253.7800",
            "3. low": "252.9200",
            "4. close": "253.1301",
            "5. volume": "342440"
        },
        "2023-03-09 14:30:00": {
            "1. open": "254.4100",
            "2. high": "254.4600",
            "3. low": "253.7300",
            "4. close": "253.7600",
            "5. volume": "202698"
        },
        "2023-03-09 14:25:00": {
            "1. open": "254.0000",
            "2. high": "254.4000",
            "3. low": "253.8700",
            "4. close": "254.3500",
            "5. volume": "183475"
        },
        "2023-03-09 14:20:00": {
            "1. open": "253.9800",
            "2. high": "254.2000",
            "3. low": "253.8000",
            "4. close": "254.0200",
            "5. volume": "223097"
        },
        "2023-03-09 14:15:00": {
            "1. open": "253.9300",
            "2. high": "254.0300",
            "3. low": "253.7000",
            "4. close": "254.0100",
            "5. volume": "212637"
        },
        "2023-03-09 14:10:00": {
            "1. open": "253.6300",
            "2. high": "254.0500",
            "3. low": "253.5100",
            "4. close": "253.9600",
            "5. volume": "237173"
        },
        "2023-03-09 14:05:00": {
            "1. open": "254.0700",
            "2. high": "254.2081",
            "3. low": "253.5600",
            "4. close": "253.6200",
            "5. volume": "375595"
        },
        "2023-03-09 14:00:00": {
            "1. open": "254.1400",
            "2. high": "254.2900",
            "3. low": "254.0300",
            "4. close": "254.1043",
            "5. volume": "126236"
        },
        "2023-03-09 13:55:00": {
            "1. open": "254.1000",
            "2. high": "254.3400",
            "3. low": "253.7600",
            "4. close": "254.1517",
            "5. volume": "218947"
        },
        "2023-03-09 13:50:00": {
            "1. open": "254.9100",
            "2. high": "254.9700",
            "3. low": "253.9400",
            "4. close": "254.0900",
            "5. volume": "263613"
        },
        "2023-03-09 13:45:00": {
            "1. open": "254.5300",
            "2. high": "254.9700",
            "3. low": "254.5100",
            "4. close": "254.9100",
            "5. volume": "267604"
        },
        "2023-03-09 13:40:00": {
            "1. open": "254.8400",
            "2. high": "254.8900",
            "3. low": "254.4500",
            "4. close": "254.5400",
            "5. volume": "265690"
        },
        "2023-03-09 13:35:00": {
            "1. open": "255.2300",
            "2. high": "255.2300",
            "3. low": "254.6600",
            "4. close": "254.8300",
            "5. volume": "241111"
        },
        "2023-03-09 13:30:00": {
            "1. open": "255.2900",
            "2. high": "255.3300",
            "3. low": "254.9000",
            "4. close": "255.2566",
            "5. volume": "335511"
        },
        "2023-03-09 13:25:00": {
            "1. open": "255.9900",
            "2. high": "256.1800",
            "3. low": "255.1900",
            "4. close": "255.2800",
            "5. volume": "247092"
        },
        "2023-03-09 13:20:00": {
            "1. open": "256.2800",
            "2. high": "256.3500",
            "3. low": "255.9120",
            "4. close": "255.9700",
            "5. volume": "145323"
        },
        "2023-03-09 13:15:00": {
            "1. open": "256.6900",
            "2. high": "256.7500",
            "3. low": "256.0900",
            "4. close": "256.2800",
            "5. volume": "113383"
        },
        "2023-03-09 13:10:00": {
            "1. open": "256.7200",
            "2. high": "256.7900",
            "3. low": "256.5100",
            "4. close": "256.6934",
            "5. volume": "130871"
        },
        "2023-03-09 13:05:00": {
            "1. open": "256.6300",
            "2. high": "256.8800",
            "3. low": "256.4801",
            "4. close": "256.7360",
            "5. volume": "249234"
        },
        "2023-03-09 13:00:00": {
            "1. open": "256.6900",
            "2. high": "256.8800",
            "3. low": "256.6200",
            "4. close": "256.6200",
            "5. volume": "148785"
        },
        "2023-03-09 12:55:00": {
            "1. open": "256.2850",
            "2. high": "256.7100",
            "3. low": "256.2450",
            "4. close": "256.6820",
            "5. volume": "175622"
        },
        "2023-03-09 12:50:00": {
            "1. open": "256.7800",
            "2. high": "256.7900",
            "3. low": "256.1300",
            "4. close": "256.2800",
            "5. volume": "199937"
        },
        "2023-03-09 12:45:00": {
            "1. open": "257.1800",
            "2. high": "257.3100",
            "3. low": "256.7100",
            "4. close": "256.7600",
            "5. volume": "189395"
        },
        "2023-03-09 12:40:00": {
            "1. open": "257.7000",
            "2. high": "257.7100",
            "3. low": "257.1200",
            "4. close": "257.2000",
            "5. volume": "205056"
        },
        "2023-03-09 12:35:00": {
            "1. open": "257.8400",
            "2. high": "257.9400",
            "3. low": "257.5700",
            "4. close": "257.7000",
            "5. volume": "188442"
        },
        "2023-03-09 12:30:00": {
            "1. open": "257.6000",
            "2. high": "257.9400",
            "3. low": "257.5600",
            "4. close": "257.8300",
            "5. volume": "147608"
        },
        "2023-03-09 12:25:00": {
            "1. open": "257.4850",
            "2. high": "257.8350",
            "3. low": "257.4800",
            "4. close": "257.6400",
            "5. volume": "179228"
        },
        "2023-03-09 12:20:00": {
            "1. open": "257.2100",
            "2. high": "257.5600",
            "3. low": "257.1400",
            "4. close": "257.4900",
            "5. volume": "195311"
        },
        "2023-03-09 12:15:00": {
            "1. open": "257.5500",
            "2. high": "257.6200",
            "3. low": "257.1800",
            "4. close": "257.2100",
            "5. volume": "214855"
        },
        "2023-03-09 12:10:00": {
            "1. open": "257.5900",
            "2. high": "257.7716",
            "3. low": "257.2500",
            "4. close": "257.5600",
            "5. volume": "282559"
        },
        "2023-03-09 12:05:00": {
            "1. open": "258.2000",
            "2. high": "258.3000",
            "3. low": "257.4900",
            "4. close": "257.5898",
            "5. volume": "265594"
        },
        "2023-03-09 12:00:00": {
            "1. open": "258.8200",
            "2. high": "258.8200",
            "3. low": "258.1800",
            "4. close": "258.1800",
            "5. volume": "138048"
        },
        "2023-03-09 11:55:00": {
            "1. open": "258.8900",
            "2. high": "259.0000",
            "3. low": "256.5000",
            "4. close": "258.8500",
            "5. volume": "239492"
        },
        "2023-03-09 11:50:00": {
            "1. open": "258.1350",
            "2. high": "258.9600",
            "3. low": "258.1350",
            "4. close": "258.8900",
            "5. volume": "266710"
        },
        "2023-03-09 11:45:00": {
            "1. open": "257.9300",
            "2. high": "258.1500",
            "3. low": "257.8300",
            "4. close": "258.1250",
            "5. volume": "199762"
        },
        "2023-03-09 11:40:00": {
            "1. open": "257.9598",
            "2. high": "258.1100",
            "3. low": "257.8000",
            "4. close": "257.9300",
            "5. volume": "127607"
        },
        "2023-03-09 11:35:00": {
            "1. open": "257.8000",
            "2. high": "258.1000",
            "3. low": "257.7600",
            "4. close": "257.9274",
            "5. volume": "165145"
        },
        "2023-03-09 11:30:00": {
            "1. open": "258.2600",
            "2. high": "258.3100",
            "3. low": "257.7700",
            "4. close": "257.8000",
            "5. volume": "197280"
        },
        "2023-03-09 11:25:00": {
            "1. open": "258.0900",
            "2. high": "258.3500",
            "3. low": "258.0800",
            "4. close": "258.2800",
            "5. volume": "168256"
        },
        "2023-03-09 11:20:00": {
            "1. open": "258.2350",
            "2. high": "258.4000",
            "3. low": "257.9926",
            "4. close": "258.1000",
            "5. volume": "208930"
        },
        "2023-03-09 11:15:00": {
            "1. open": "257.8827",
            "2. high": "258.2580",
            "3. low": "257.8300",
            "4. close": "258.2300",
            "5. volume": "288112"
        },
        "2023-03-09 11:10:00": {
            "1. open": "258.0400",
            "2. high": "258.1200",
            "3. low": "257.6700",
            "4. close": "257.9000",
            "5. volume": "236471"
        }
    }
}